fund_id,quarter_end,sector,allocation_pct,num_stocks
F001,2022-03-31,Financial Services,11.32,8
F001,2022-03-31,IT,6.72,8
F001,2022-03-31,FMCG,26.09,3
F001,2022-03-31,Healthcare,1.72,5
F001,2022-03-31,Energy,7.92,5
F001,2022-03-31,Automobiles,2.02,3
F001,2022-03-31,Metals,8.09,11
F001,2022-03-31,Telecom,10.9,6
F001,2022-03-31,Real Estate,10.89,4
F001,2022-03-31,Infrastructure,14.34,12
F001,2022-06-30,Financial Services,24.11,8
F001,2022-06-30,IT,1.01,8
F001,2022-06-30,FMCG,5.28,2
F001,2022-06-30,Healthcare,14.58,7
F001,2022-06-30,Energy,8.66,4
F001,2022-06-30,Automobiles,2.66,5
F001,2022-06-30,Metals,10.1,9
F001,2022-06-30,Telecom,6.57,8
F001,2022-06-30,Real Estate,6.2,10
F001,2022-06-30,Infrastructure,20.83,5
F001,2022-09-30,Financial Services,3.98,12
F001,2022-09-30,IT,0.2,9
F001,2022-09-30,FMCG,0.46,6
F001,2022-09-30,Healthcare,14.76,6
F001,2022-09-30,Energy,24.61,7
F001,2022-09-30,Automobiles,8.87,1
F001,2022-09-30,Metals,3.45,1
F001,2022-09-30,Telecom,21.23,9
F001,2022-09-30,Real Estate,8.27,5
F001,2022-09-30,Infrastructure,14.15,1
F001,2022-12-31,Financial Services,16.34,12
F001,2022-12-31,IT,5.36,8
F001,2022-12-31,FMCG,7.33,10
F001,2022-12-31,Healthcare,2.32,2
F001,2022-12-31,Energy,3.89,7
F001,2022-12-31,Automobiles,16.94,3
F001,2022-12-31,Metals,25.25,3
F001,2022-12-31,Telecom,14.51,5
F001,2022-12-31,Real Estate,7.04,8
F001,2022-12-31,Infrastructure,1.02,8
F001,2023-03-31,Financial Services,0.59,8
F001,2023-03-31,IT,4.73,8
F001,2023-03-31,FMCG,6.29,11
F001,2023-03-31,Healthcare,9.47,12
F001,2023-03-31,Energy,0.07,12
F001,2023-03-31,Automobiles,46.16,1
F001,2023-03-31,Metals,4.56,8
F001,2023-03-31,Telecom,19.0,2
F001,2023-03-31,Real Estate,7.72,7
F001,2023-03-31,Infrastructure,1.41,3
F001,2023-06-30,Financial Services,15.05,11
F001,2023-06-30,IT,11.65,12
F001,2023-06-30,FMCG,7.06,8
F001,2023-06-30,Healthcare,6.81,7
F001,2023-06-30,Energy,0.86,9
F001,2023-06-30,Automobiles,10.05,12
F001,2023-06-30,Metals,22.81,10
F001,2023-06-30,Telecom,0.92,10
F001,2023-06-30,Real Estate,2.88,11
F001,2023-06-30,Infrastructure,21.91,5
F001,2023-09-30,Financial Services,4.26,9
F001,2023-09-30,IT,13.51,8
F001,2023-09-30,FMCG,9.74,12
F001,2023-09-30,Healthcare,11.55,3
F001,2023-09-30,Energy,6.84,5
F001,2023-09-30,Automobiles,4.54,6
F001,2023-09-30,Metals,0.63,11
F001,2023-09-30,Telecom,17.36,4
F001,2023-09-30,Real Estate,17.45,12
F001,2023-09-30,Infrastructure,14.14,10
F001,2023-12-31,Financial Services,16.47,8
F001,2023-12-31,IT,4.46,4
F001,2023-12-31,FMCG,0.36,7
F001,2023-12-31,Healthcare,26.4,11
F001,2023-12-31,Energy,10.78,3
F001,2023-12-31,Automobiles,5.85,7
F001,2023-12-31,Metals,1.72,4
F001,2023-12-31,Telecom,1.03,3
F001,2023-12-31,Real Estate,6.85,11
F001,2023-12-31,Infrastructure,26.07,8
F001,2024-03-31,Financial Services,19.16,12
F001,2024-03-31,IT,17.33,9
F001,2024-03-31,FMCG,19.28,12
F001,2024-03-31,Healthcare,18.19,7
F001,2024-03-31,Energy,5.72,3
F001,2024-03-31,Automobiles,1.89,11
F001,2024-03-31,Metals,12.21,7
F001,2024-03-31,Telecom,1.83,10
F001,2024-03-31,Real Estate,2.37,11
F001,2024-03-31,Infrastructure,2.03,9
F001,2024-06-30,Financial Services,8.86,5
F001,2024-06-30,IT,4.76,4
F001,2024-06-30,FMCG,2.05,4
F001,2024-06-30,Healthcare,7.39,9
F001,2024-06-30,Energy,25.37,7
F001,2024-06-30,Automobiles,10.35,5
F001,2024-06-30,Metals,25.8,3
F001,2024-06-30,Telecom,2.67,12
F001,2024-06-30,Real Estate,2.24,4
F001,2024-06-30,Infrastructure,10.5,8
F001,2024-09-30,Financial Services,6.53,7
F001,2024-09-30,IT,11.33,6
F001,2024-09-30,FMCG,16.62,10
F001,2024-09-30,Healthcare,14.61,11
F001,2024-09-30,Energy,29.94,2
F001,2024-09-30,Automobiles,5.33,1
F001,2024-09-30,Metals,2.43,9
F001,2024-09-30,Telecom,8.4,10
F001,2024-09-30,Real Estate,1.23,12
F001,2024-09-30,Infrastructure,3.58,3
F001,2024-12-31,Financial Services,4.1,4
F001,2024-12-31,IT,8.9,9
F001,2024-12-31,FMCG,2.08,8
F001,2024-12-31,Healthcare,0.57,12
F001,2024-12-31,Energy,18.84,4
F001,2024-12-31,Automobiles,16.6,1
F001,2024-12-31,Metals,21.7,11
F001,2024-12-31,Telecom,19.02,9
F001,2024-12-31,Real Estate,2.14,9
F001,2024-12-31,Infrastructure,6.06,3
F001,2025-03-31,Financial Services,1.33,7
F001,2025-03-31,IT,17.69,3
F001,2025-03-31,FMCG,13.13,9
F001,2025-03-31,Healthcare,2.15,11
F001,2025-03-31,Energy,3.99,11
F001,2025-03-31,Automobiles,32.48,4
F001,2025-03-31,Metals,8.62,9
F001,2025-03-31,Telecom,15.43,5
F001,2025-03-31,Real Estate,2.94,2
F001,2025-03-31,Infrastructure,2.25,8
F001,2025-06-30,Financial Services,15.37,10
F001,2025-06-30,IT,11.62,8
F001,2025-06-30,FMCG,11.46,1
F001,2025-06-30,Healthcare,8.07,8
F001,2025-06-30,Energy,8.32,11
F001,2025-06-30,Automobiles,13.35,7
F001,2025-06-30,Metals,3.16,7
F001,2025-06-30,Telecom,4.36,5
F001,2025-06-30,Real Estate,20.59,12
F001,2025-06-30,Infrastructure,3.71,3
F001,2025-09-30,Financial Services,4.29,10
F001,2025-09-30,IT,6.58,1
F001,2025-09-30,FMCG,51.49,11
F001,2025-09-30,Healthcare,3.1,11
F001,2025-09-30,Energy,3.03,2
F001,2025-09-30,Automobiles,10.03,12
F001,2025-09-30,Metals,8.88,8
F001,2025-09-30,Telecom,7.12,6
F001,2025-09-30,Real Estate,3.37,4
F001,2025-09-30,Infrastructure,2.12,6
F001,2025-12-31,Financial Services,7.85,5
F001,2025-12-31,IT,17.47,2
F001,2025-12-31,FMCG,17.99,11
F001,2025-12-31,Healthcare,0.96,3
F001,2025-12-31,Energy,4.68,5
F001,2025-12-31,Automobiles,5.23,3
F001,2025-12-31,Metals,31.77,2
F001,2025-12-31,Telecom,9.47,12
F001,2025-12-31,Real Estate,4.37,2
F001,2025-12-31,Infrastructure,0.22,1
F001,2026-03-31,Financial Services,7.57,3
F001,2026-03-31,IT,0.92,2
F001,2026-03-31,FMCG,16.33,11
F001,2026-03-31,Healthcare,12.68,11
F001,2026-03-31,Energy,5.61,3
F001,2026-03-31,Automobiles,5.09,11
F001,2026-03-31,Metals,20.67,1
F001,2026-03-31,Telecom,3.09,5
F001,2026-03-31,Real Estate,2.6,1
F001,2026-03-31,Infrastructure,25.43,12
F001,2026-06-30,Financial Services,22.38,8
F001,2026-06-30,IT,23.21,7
F001,2026-06-30,FMCG,2.93,4
F001,2026-06-30,Healthcare,2.09,3
F001,2026-06-30,Energy,0.36,3
F001,2026-06-30,Automobiles,3.65,6
F001,2026-06-30,Metals,20.1,12
F001,2026-06-30,Telecom,3.71,4
F001,2026-06-30,Real Estate,17.64,4
F001,2026-06-30,Infrastructure,3.92,2
F002,2022-03-31,Financial Services,5.11,5
F002,2022-03-31,IT,41.45,2
F002,2022-03-31,FMCG,2.85,2
F002,2022-03-31,Healthcare,4.79,7
F002,2022-03-31,Energy,3.64,9
F002,2022-03-31,Automobiles,1.18,9
F002,2022-03-31,Metals,6.83,10
F002,2022-03-31,Telecom,4.83,7
F002,2022-03-31,Real Estate,12.05,5
F002,2022-03-31,Infrastructure,17.27,11
F002,2022-06-30,Financial Services,7.87,7
F002,2022-06-30,IT,0.33,3
F002,2022-06-30,FMCG,9.66,4
F002,2022-06-30,Healthcare,0.57,10
F002,2022-06-30,Energy,9.6,5
F002,2022-06-30,Automobiles,11.57,3
F002,2022-06-30,Metals,2.21,10
F002,2022-06-30,Telecom,17.14,10
F002,2022-06-30,Real Estate,24.24,10
F002,2022-06-30,Infrastructure,16.8,2
F002,2022-09-30,Financial Services,3.55,11
F002,2022-09-30,IT,8.63,4
F002,2022-09-30,FMCG,24.05,5
F002,2022-09-30,Healthcare,3.78,8
F002,2022-09-30,Energy,16.75,1
F002,2022-09-30,Automobiles,0.09,9
F002,2022-09-30,Metals,0.04,11
F002,2022-09-30,Telecom,13.92,6
F002,2022-09-30,Real Estate,14.0,10
F002,2022-09-30,Infrastructure,15.19,11
F002,2022-12-31,Financial Services,30.77,9
F002,2022-12-31,IT,1.45,10
F002,2022-12-31,FMCG,3.05,6
F002,2022-12-31,Healthcare,27.08,7
F002,2022-12-31,Energy,2.26,11
F002,2022-12-31,Automobiles,13.26,8
F002,2022-12-31,Metals,8.75,3
F002,2022-12-31,Telecom,1.0,10
F002,2022-12-31,Real Estate,3.89,6
F002,2022-12-31,Infrastructure,8.5,9
F002,2023-03-31,Financial Services,28.81,12
F002,2023-03-31,IT,18.51,2
F002,2023-03-31,FMCG,14.65,9
F002,2023-03-31,Healthcare,10.32,2
F002,2023-03-31,Energy,5.34,7
F002,2023-03-31,Automobiles,1.91,1
F002,2023-03-31,Metals,7.92,3
F002,2023-03-31,Telecom,0.44,8
F002,2023-03-31,Real Estate,3.57,7
F002,2023-03-31,Infrastructure,8.53,6
F002,2023-06-30,Financial Services,5.77,1
F002,2023-06-30,IT,0.48,3
F002,2023-06-30,FMCG,9.46,8
F002,2023-06-30,Healthcare,8.49,10
F002,2023-06-30,Energy,0.87,12
F002,2023-06-30,Automobiles,30.51,9
F002,2023-06-30,Metals,1.11,7
F002,2023-06-30,Telecom,20.54,10
F002,2023-06-30,Real Estate,0.0,7
F002,2023-06-30,Infrastructure,22.77,6
F002,2023-09-30,Financial Services,0.25,1
F002,2023-09-30,IT,17.83,3
F002,2023-09-30,FMCG,5.65,3
F002,2023-09-30,Healthcare,16.85,10
F002,2023-09-30,Energy,6.46,7
F002,2023-09-30,Automobiles,0.92,3
F002,2023-09-30,Metals,18.35,4
F002,2023-09-30,Telecom,0.93,6
F002,2023-09-30,Real Estate,32.1,5
F002,2023-09-30,Infrastructure,0.66,10
F002,2023-12-31,Financial Services,6.64,5
F002,2023-12-31,IT,13.06,8
F002,2023-12-31,FMCG,5.08,7
F002,2023-12-31,Healthcare,2.49,6
F002,2023-12-31,Energy,14.48,11
F002,2023-12-31,Automobiles,15.61,6
F002,2023-12-31,Metals,26.05,10
F002,2023-12-31,Telecom,4.8,1
F002,2023-12-31,Real Estate,7.18,12
F002,2023-12-31,Infrastructure,4.59,11
F002,2024-03-31,Financial Services,2.92,11
F002,2024-03-31,IT,13.67,5
F002,2024-03-31,FMCG,4.08,3
F002,2024-03-31,Healthcare,5.49,12
F002,2024-03-31,Energy,5.08,11
F002,2024-03-31,Automobiles,12.26,5
F002,2024-03-31,Metals,24.56,10
F002,2024-03-31,Telecom,10.8,3
F002,2024-03-31,Real Estate,6.27,8
F002,2024-03-31,Infrastructure,14.85,3
F002,2024-06-30,Financial Services,11.83,1
F002,2024-06-30,IT,0.72,3
F002,2024-06-30,FMCG,1.16,6
F002,2024-06-30,Healthcare,0.45,9
F002,2024-06-30,Energy,7.05,8
F002,2024-06-30,Automobiles,20.18,10
F002,2024-06-30,Metals,4.34,2
F002,2024-06-30,Telecom,5.6,11
F002,2024-06-30,Real Estate,27.74,4
F002,2024-06-30,Infrastructure,20.94,4
F002,2024-09-30,Financial Services,33.98,1
F002,2024-09-30,IT,9.64,3
F002,2024-09-30,FMCG,3.87,2
F002,2024-09-30,Healthcare,0.5,2
F002,2024-09-30,Energy,3.52,10
F002,2024-09-30,Automobiles,10.75,12
F002,2024-09-30,Metals,24.93,7
F002,2024-09-30,Telecom,2.05,5
F002,2024-09-30,Real Estate,4.55,6
F002,2024-09-30,Infrastructure,6.21,6
F002,2024-12-31,Financial Services,9.02,4
F002,2024-12-31,IT,8.63,12
F002,2024-12-31,FMCG,7.22,10
F002,2024-12-31,Healthcare,2.6,5
F002,2024-12-31,Energy,4.18,1
F002,2024-12-31,Automobiles,0.92,6
F002,2024-12-31,Metals,2.32,6
F002,2024-12-31,Telecom,20.56,2
F002,2024-12-31,Real Estate,35.15,5
F002,2024-12-31,Infrastructure,9.41,7
F002,2025-03-31,Financial Services,19.22,10
F002,2025-03-31,IT,7.96,7
F002,2025-03-31,FMCG,0.26,8
F002,2025-03-31,Healthcare,44.32,12
F002,2025-03-31,Energy,0.81,9
F002,2025-03-31,Automobiles,8.87,4
F002,2025-03-31,Metals,2.25,1
F002,2025-03-31,Telecom,3.85,12
F002,2025-03-31,Real Estate,8.03,6
F002,2025-03-31,Infrastructure,4.43,3
F002,2025-06-30,Financial Services,3.27,10
F002,2025-06-30,IT,4.61,3
F002,2025-06-30,FMCG,4.73,11
F002,2025-06-30,Healthcare,36.27,9
F002,2025-06-30,Energy,18.15,5
F002,2025-06-30,Automobiles,6.95,1
F002,2025-06-30,Metals,2.53,2
F002,2025-06-30,Telecom,18.87,7
F002,2025-06-30,Real Estate,1.94,4
F002,2025-06-30,Infrastructure,2.68,10
F002,2025-09-30,Financial Services,7.61,8
F002,2025-09-30,IT,35.46,6
F002,2025-09-30,FMCG,2.36,2
F002,2025-09-30,Healthcare,2.18,7
F002,2025-09-30,Energy,11.38,11
F002,2025-09-30,Automobiles,5.4,9
F002,2025-09-30,Metals,14.05,10
F002,2025-09-30,Telecom,10.04,3
F002,2025-09-30,Real Estate,9.54,2
F002,2025-09-30,Infrastructure,1.98,11
F002,2025-12-31,Financial Services,1.84,1
F002,2025-12-31,IT,20.77,6
F002,2025-12-31,FMCG,26.2,3
F002,2025-12-31,Healthcare,3.23,8
F002,2025-12-31,Energy,1.45,1
F002,2025-12-31,Automobiles,0.66,12
F002,2025-12-31,Metals,11.31,10
F002,2025-12-31,Telecom,15.17,7
F002,2025-12-31,Real Estate,5.63,2
F002,2025-12-31,Infrastructure,13.74,8
F002,2026-03-31,Financial Services,13.57,9
F002,2026-03-31,IT,29.78,2
F002,2026-03-31,FMCG,0.73,12
F002,2026-03-31,Healthcare,2.32,2
F002,2026-03-31,Energy,0.77,2
F002,2026-03-31,Automobiles,22.02,5
F002,2026-03-31,Metals,17.1,8
F002,2026-03-31,Telecom,9.29,11
F002,2026-03-31,Real Estate,0.95,1
F002,2026-03-31,Infrastructure,3.47,8
F002,2026-06-30,Financial Services,5.51,10
F002,2026-06-30,IT,12.83,8
F002,2026-06-30,FMCG,4.65,4
F002,2026-06-30,Healthcare,1.18,1
F002,2026-06-30,Energy,20.46,11
F002,2026-06-30,Automobiles,5.54,5
F002,2026-06-30,Metals,9.39,3
F002,2026-06-30,Telecom,2.13,11
F002,2026-06-30,Real Estate,25.3,3
F002,2026-06-30,Infrastructure,13.0,7
F003,2022-03-31,Financial Services,17.27,8
F003,2022-03-31,IT,5.1,5
F003,2022-03-31,FMCG,21.14,6
F003,2022-03-31,Healthcare,16.57,9
F003,2022-03-31,Energy,6.4,1
F003,2022-03-31,Automobiles,20.24,5
F003,2022-03-31,Metals,2.91,4
F003,2022-03-31,Telecom,3.39,11
F003,2022-03-31,Real Estate,0.35,9
F003,2022-03-31,Infrastructure,6.63,1
F003,2022-06-30,Financial Services,16.16,6
F003,2022-06-30,IT,18.76,1
F003,2022-06-30,FMCG,2.05,4
F003,2022-06-30,Healthcare,7.42,1
F003,2022-06-30,Energy,2.46,12
F003,2022-06-30,Automobiles,13.7,8
F003,2022-06-30,Metals,2.17,10
F003,2022-06-30,Telecom,29.62,12
F003,2022-06-30,Real Estate,3.31,7
F003,2022-06-30,Infrastructure,4.35,8
F003,2022-09-30,Financial Services,19.77,1
F003,2022-09-30,IT,6.37,3
F003,2022-09-30,FMCG,0.25,10
F003,2022-09-30,Healthcare,7.09,9
F003,2022-09-30,Energy,0.92,4
F003,2022-09-30,Automobiles,43.86,10
F003,2022-09-30,Metals,9.21,9
F003,2022-09-30,Telecom,3.08,7
F003,2022-09-30,Real Estate,8.62,2
F003,2022-09-30,Infrastructure,0.83,12
F003,2022-12-31,Financial Services,13.47,9
F003,2022-12-31,IT,21.73,12
F003,2022-12-31,FMCG,17.37,10
F003,2022-12-31,Healthcare,3.5,8
F003,2022-12-31,Energy,3.3,10
F003,2022-12-31,Automobiles,0.3,11
F003,2022-12-31,Metals,8.82,3
F003,2022-12-31,Telecom,6.41,4
F003,2022-12-31,Real Estate,5.15,10
F003,2022-12-31,Infrastructure,19.94,6
F003,2023-03-31,Financial Services,5.33,3
F003,2023-03-31,IT,0.28,1
F003,2023-03-31,FMCG,2.21,11
F003,2023-03-31,Healthcare,7.33,5
F003,2023-03-31,Energy,0.98,5
F003,2023-03-31,Automobiles,20.28,1
F003,2023-03-31,Metals,10.94,9
F003,2023-03-31,Telecom,5.78,3
F003,2023-03-31,Real Estate,40.23,10
F003,2023-03-31,Infrastructure,6.64,4
F003,2023-06-30,Financial Services,12.37,10
F003,2023-06-30,IT,4.57,6
F003,2023-06-30,FMCG,7.63,7
F003,2023-06-30,Healthcare,28.89,4
F003,2023-06-30,Energy,0.4,2
F003,2023-06-30,Automobiles,7.38,10
F003,2023-06-30,Metals,20.49,8
F003,2023-06-30,Telecom,9.43,9
F003,2023-06-30,Real Estate,3.45,11
F003,2023-06-30,Infrastructure,5.39,5
F003,2023-09-30,Financial Services,22.6,11
F003,2023-09-30,IT,43.9,4
F003,2023-09-30,FMCG,0.83,4
F003,2023-09-30,Healthcare,1.47,3
F003,2023-09-30,Energy,7.79,6
F003,2023-09-30,Automobiles,5.25,10
F003,2023-09-30,Metals,6.1,5
F003,2023-09-30,Telecom,4.96,3
F003,2023-09-30,Real Estate,4.32,8
F003,2023-09-30,Infrastructure,2.77,7
F003,2023-12-31,Financial Services,23.63,1
F003,2023-12-31,IT,1.35,1
F003,2023-12-31,FMCG,1.99,9
F003,2023-12-31,Healthcare,2.46,12
F003,2023-12-31,Energy,23.5,10
F003,2023-12-31,Automobiles,12.25,8
F003,2023-12-31,Metals,13.56,10
F003,2023-12-31,Telecom,0.96,4
F003,2023-12-31,Real Estate,15.74,3
F003,2023-12-31,Infrastructure,4.56,9
F003,2024-03-31,Financial Services,2.5,4
F003,2024-03-31,IT,7.03,1
F003,2024-03-31,FMCG,14.17,7
F003,2024-03-31,Healthcare,12.37,9
F003,2024-03-31,Energy,18.11,11
F003,2024-03-31,Automobiles,21.6,1
F003,2024-03-31,Metals,2.23,3
F003,2024-03-31,Telecom,4.52,9
F003,2024-03-31,Real Estate,0.12,9
F003,2024-03-31,Infrastructure,17.35,11
F003,2024-06-30,Financial Services,2.7,4
F003,2024-06-30,IT,31.83,3
F003,2024-06-30,FMCG,6.43,9
F003,2024-06-30,Healthcare,7.39,3
F003,2024-06-30,Energy,0.64,7
F003,2024-06-30,Automobiles,6.37,11
F003,2024-06-30,Metals,35.3,4
F003,2024-06-30,Telecom,0.42,11
F003,2024-06-30,Real Estate,8.4,8
F003,2024-06-30,Infrastructure,0.51,7
F003,2024-09-30,Financial Services,7.64,8
F003,2024-09-30,IT,3.12,9
F003,2024-09-30,FMCG,4.79,7
F003,2024-09-30,Healthcare,34.6,9
F003,2024-09-30,Energy,9.44,7
F003,2024-09-30,Automobiles,5.27,10
F003,2024-09-30,Metals,14.66,8
F003,2024-09-30,Telecom,2.52,11
F003,2024-09-30,Real Estate,4.95,9
F003,2024-09-30,Infrastructure,13.02,8
F003,2024-12-31,Financial Services,2.93,11
F003,2024-12-31,IT,12.27,6
F003,2024-12-31,FMCG,7.3,10
F003,2024-12-31,Healthcare,15.96,12
F003,2024-12-31,Energy,31.96,10
F003,2024-12-31,Automobiles,1.33,10
F003,2024-12-31,Metals,4.4,4
F003,2024-12-31,Telecom,4.16,10
F003,2024-12-31,Real Estate,1.77,5
F003,2024-12-31,Infrastructure,17.94,4
F003,2025-03-31,Financial Services,17.81,8
F003,2025-03-31,IT,8.27,7
F003,2025-03-31,FMCG,9.63,3
F003,2025-03-31,Healthcare,0.77,4
F003,2025-03-31,Energy,10.12,1
F003,2025-03-31,Automobiles,19.56,12
F003,2025-03-31,Metals,10.65,3
F003,2025-03-31,Telecom,3.85,11
F003,2025-03-31,Real Estate,13.75,12
F003,2025-03-31,Infrastructure,5.6,1
F003,2025-06-30,Financial Services,6.6,9
F003,2025-06-30,IT,5.6,2
F003,2025-06-30,FMCG,4.02,1
F003,2025-06-30,Healthcare,10.63,6
F003,2025-06-30,Energy,18.04,10
F003,2025-06-30,Automobiles,0.04,10
F003,2025-06-30,Metals,22.73,7
F003,2025-06-30,Telecom,6.0,11
F003,2025-06-30,Real Estate,10.11,7
F003,2025-06-30,Infrastructure,16.22,9
F003,2025-09-30,Financial Services,6.1,3
F003,2025-09-30,IT,17.45,11
F003,2025-09-30,FMCG,1.89,12
F003,2025-09-30,Healthcare,1.68,9
F003,2025-09-30,Energy,10.38,3
F003,2025-09-30,Automobiles,19.78,10
F003,2025-09-30,Metals,21.6,11
F003,2025-09-30,Telecom,10.0,1
F003,2025-09-30,Real Estate,7.22,4
F003,2025-09-30,Infrastructure,3.9,3
F003,2025-12-31,Financial Services,26.37,7
F003,2025-12-31,IT,2.6,5
F003,2025-12-31,FMCG,9.19,7
F003,2025-12-31,Healthcare,5.12,10
F003,2025-12-31,Energy,6.32,5
F003,2025-12-31,Automobiles,3.37,8
F003,2025-12-31,Metals,22.56,12
F003,2025-12-31,Telecom,5.71,8
F003,2025-12-31,Real Estate,18.72,5
F003,2025-12-31,Infrastructure,0.05,4
F003,2026-03-31,Financial Services,8.15,2
F003,2026-03-31,IT,12.11,11
F003,2026-03-31,FMCG,13.11,9
F003,2026-03-31,Healthcare,22.57,7
F003,2026-03-31,Energy,0.04,11
F003,2026-03-31,Automobiles,0.0,3
F003,2026-03-31,Metals,6.13,1
F003,2026-03-31,Telecom,0.29,1
F003,2026-03-31,Real Estate,35.19,8
F003,2026-03-31,Infrastructure,2.41,2
F003,2026-06-30,Financial Services,7.54,4
F003,2026-06-30,IT,0.74,1
F003,2026-06-30,FMCG,8.7,9
F003,2026-06-30,Healthcare,5.63,7
F003,2026-06-30,Energy,0.54,2
F003,2026-06-30,Automobiles,4.81,12
F003,2026-06-30,Metals,5.85,9
F003,2026-06-30,Telecom,54.17,12
F003,2026-06-30,Real Estate,2.75,10
F003,2026-06-30,Infrastructure,9.27,8
F006,2022-03-31,Financial Services,22.6,2
F006,2022-03-31,IT,8.12,10
F006,2022-03-31,FMCG,25.95,9
F006,2022-03-31,Healthcare,17.86,12
F006,2022-03-31,Energy,3.48,12
F006,2022-03-31,Automobiles,6.17,2
F006,2022-03-31,Metals,0.61,11
F006,2022-03-31,Telecom,3.01,5
F006,2022-03-31,Real Estate,8.57,12
F006,2022-03-31,Infrastructure,3.64,9
F006,2022-06-30,Financial Services,11.51,1
F006,2022-06-30,IT,12.99,12
F006,2022-06-30,FMCG,2.77,9
F006,2022-06-30,Healthcare,19.78,5
F006,2022-06-30,Energy,5.84,5
F006,2022-06-30,Automobiles,2.24,4
F006,2022-06-30,Metals,19.03,6
F006,2022-06-30,Telecom,5.13,12
F006,2022-06-30,Real Estate,13.16,8
F006,2022-06-30,Infrastructure,7.53,12
F006,2022-09-30,Financial Services,5.13,12
F006,2022-09-30,IT,17.7,2
F006,2022-09-30,FMCG,9.36,1
F006,2022-09-30,Healthcare,5.28,4
F006,2022-09-30,Energy,1.24,7
F006,2022-09-30,Automobiles,24.07,8
F006,2022-09-30,Metals,0.39,5
F006,2022-09-30,Telecom,21.21,10
F006,2022-09-30,Real Estate,4.76,7
F006,2022-09-30,Infrastructure,10.87,2
F006,2022-12-31,Financial Services,19.9,4
F006,2022-12-31,IT,1.28,10
F006,2022-12-31,FMCG,6.52,3
F006,2022-12-31,Healthcare,11.26,9
F006,2022-12-31,Energy,11.04,10
F006,2022-12-31,Automobiles,5.81,3
F006,2022-12-31,Metals,7.64,5
F006,2022-12-31,Telecom,11.04,11
F006,2022-12-31,Real Estate,14.33,3
F006,2022-12-31,Infrastructure,11.18,1
F006,2023-03-31,Financial Services,4.84,10
F006,2023-03-31,IT,63.42,11
F006,2023-03-31,FMCG,6.32,9
F006,2023-03-31,Healthcare,0.27,2
F006,2023-03-31,Energy,4.99,6
F006,2023-03-31,Automobiles,1.52,10
F006,2023-03-31,Metals,1.44,2
F006,2023-03-31,Telecom,3.66,5
F006,2023-03-31,Real Estate,0.61,6
F006,2023-03-31,Infrastructure,12.93,6
F006,2023-06-30,Financial Services,0.82,4
F006,2023-06-30,IT,2.43,2
F006,2023-06-30,FMCG,1.04,11
F006,2023-06-30,Healthcare,0.7,10
F006,2023-06-30,Energy,3.34,4
F006,2023-06-30,Automobiles,9.09,12
F006,2023-06-30,Metals,35.82,12
F006,2023-06-30,Telecom,22.32,3
F006,2023-06-30,Real Estate,22.36,6
F006,2023-06-30,Infrastructure,2.07,1
F006,2023-09-30,Financial Services,2.74,9
F006,2023-09-30,IT,0.71,12
F006,2023-09-30,FMCG,13.39,1
F006,2023-09-30,Healthcare,0.64,1
F006,2023-09-30,Energy,7.23,6
F006,2023-09-30,Automobiles,2.53,6
F006,2023-09-30,Metals,2.48,4
F006,2023-09-30,Telecom,41.6,12
F006,2023-09-30,Real Estate,12.56,2
F006,2023-09-30,Infrastructure,16.12,11
F006,2023-12-31,Financial Services,5.38,5
F006,2023-12-31,IT,12.98,10
F006,2023-12-31,FMCG,6.57,7
F006,2023-12-31,Healthcare,18.52,10
F006,2023-12-31,Energy,2.09,12
F006,2023-12-31,Automobiles,5.73,4
F006,2023-12-31,Metals,7.42,1
F006,2023-12-31,Telecom,3.16,11
F006,2023-12-31,Real Estate,13.42,2
F006,2023-12-31,Infrastructure,24.73,8
F006,2024-03-31,Financial Services,9.06,12
F006,2024-03-31,IT,6.59,12
F006,2024-03-31,FMCG,8.49,4
F006,2024-03-31,Healthcare,25.48,8
F006,2024-03-31,Energy,13.79,5
F006,2024-03-31,Automobiles,0.61,10
F006,2024-03-31,Metals,10.39,3
F006,2024-03-31,Telecom,0.23,4
F006,2024-03-31,Real Estate,20.05,3
F006,2024-03-31,Infrastructure,5.29,2
F006,2024-06-30,Financial Services,4.61,5
F006,2024-06-30,IT,11.58,1
F006,2024-06-30,FMCG,0.34,7
F006,2024-06-30,Healthcare,1.25,6
F006,2024-06-30,Energy,3.66,2
F006,2024-06-30,Automobiles,1.89,3
F006,2024-06-30,Metals,2.98,6
F006,2024-06-30,Telecom,45.54,3
F006,2024-06-30,Real Estate,12.6,11
F006,2024-06-30,Infrastructure,15.55,7
F006,2024-09-30,Financial Services,31.03,2
F006,2024-09-30,IT,4.68,2
F006,2024-09-30,FMCG,3.96,7
F006,2024-09-30,Healthcare,2.99,3
F006,2024-09-30,Energy,19.89,4
F006,2024-09-30,Automobiles,12.77,6
F006,2024-09-30,Metals,3.02,1
F006,2024-09-30,Telecom,5.31,8
F006,2024-09-30,Real Estate,7.93,11
F006,2024-09-30,Infrastructure,8.43,11
F006,2024-12-31,Financial Services,16.89,7
F006,2024-12-31,IT,3.68,9
F006,2024-12-31,FMCG,18.4,5
F006,2024-12-31,Healthcare,4.48,3
F006,2024-12-31,Energy,10.55,10
F006,2024-12-31,Automobiles,20.48,5
F006,2024-12-31,Metals,18.32,8
F006,2024-12-31,Telecom,0.45,6
F006,2024-12-31,Real Estate,1.77,7
F006,2024-12-31,Infrastructure,4.98,3
F006,2025-03-31,Financial Services,4.8,4
F006,2025-03-31,IT,8.7,7
F006,2025-03-31,FMCG,24.61,7
F006,2025-03-31,Healthcare,1.01,2
F006,2025-03-31,Energy,5.11,6
F006,2025-03-31,Automobiles,1.82,4
F006,2025-03-31,Metals,19.08,1
F006,2025-03-31,Telecom,28.39,11
F006,2025-03-31,Real Estate,5.54,3
F006,2025-03-31,Infrastructure,0.93,12
F006,2025-06-30,Financial Services,12.27,9
F006,2025-06-30,IT,9.53,4
F006,2025-06-30,FMCG,3.49,2
F006,2025-06-30,Healthcare,17.42,1
F006,2025-06-30,Energy,29.69,12
F006,2025-06-30,Automobiles,6.51,9
F006,2025-06-30,Metals,6.65,3
F006,2025-06-30,Telecom,2.82,2
F006,2025-06-30,Real Estate,7.0,10
F006,2025-06-30,Infrastructure,4.62,1
F006,2025-09-30,Financial Services,5.61,2
F006,2025-09-30,IT,1.08,1
F006,2025-09-30,FMCG,4.54,2
F006,2025-09-30,Healthcare,3.44,1
F006,2025-09-30,Energy,12.17,12
F006,2025-09-30,Automobiles,14.35,7
F006,2025-09-30,Metals,14.62,12
F006,2025-09-30,Telecom,7.66,6
F006,2025-09-30,Real Estate,8.52,3
F006,2025-09-30,Infrastructure,28.01,6
F006,2025-12-31,Financial Services,3.44,1
F006,2025-12-31,IT,23.42,3
F006,2025-12-31,FMCG,3.08,4
F006,2025-12-31,Healthcare,5.58,6
F006,2025-12-31,Energy,0.27,12
F006,2025-12-31,Automobiles,5.63,3
F006,2025-12-31,Metals,10.14,11
F006,2025-12-31,Telecom,15.18,2
F006,2025-12-31,Real Estate,31.49,5
F006,2025-12-31,Infrastructure,1.76,5
F006,2026-03-31,Financial Services,9.49,9
F006,2026-03-31,IT,6.64,9
F006,2026-03-31,FMCG,9.19,9
F006,2026-03-31,Healthcare,1.9,10
F006,2026-03-31,Energy,21.48,1
F006,2026-03-31,Automobiles,26.62,8
F006,2026-03-31,Metals,6.62,5
F006,2026-03-31,Telecom,3.65,8
F006,2026-03-31,Real Estate,1.68,7
F006,2026-03-31,Infrastructure,12.75,4
F006,2026-06-30,Financial Services,2.44,11
F006,2026-06-30,IT,15.64,11
F006,2026-06-30,FMCG,7.24,2
F006,2026-06-30,Healthcare,6.75,2
F006,2026-06-30,Energy,5.33,8
F006,2026-06-30,Automobiles,0.3,11
F006,2026-06-30,Metals,17.49,10
F006,2026-06-30,Telecom,6.43,7
F006,2026-06-30,Real Estate,33.36,12
F006,2026-06-30,Infrastructure,5.02,4
F007,2022-03-31,Financial Services,7.69,9
F007,2022-03-31,IT,0.36,2
F007,2022-03-31,FMCG,6.21,8
F007,2022-03-31,Healthcare,8.99,2
F007,2022-03-31,Energy,9.37,7
F007,2022-03-31,Automobiles,9.13,8
F007,2022-03-31,Metals,1.59,6
F007,2022-03-31,Telecom,23.02,1
F007,2022-03-31,Real Estate,33.15,9
F007,2022-03-31,Infrastructure,0.49,8
F007,2022-06-30,Financial Services,25.28,6
F007,2022-06-30,IT,3.14,10
F007,2022-06-30,FMCG,10.72,11
F007,2022-06-30,Healthcare,3.79,4
F007,2022-06-30,Energy,31.51,12
F007,2022-06-30,Automobiles,0.98,10
F007,2022-06-30,Metals,6.32,4
F007,2022-06-30,Telecom,5.13,7
F007,2022-06-30,Real Estate,3.62,8
F007,2022-06-30,Infrastructure,9.52,8
F007,2022-09-30,Financial Services,1.04,8
F007,2022-09-30,IT,9.37,9
F007,2022-09-30,FMCG,29.28,8
F007,2022-09-30,Healthcare,12.13,11
F007,2022-09-30,Energy,14.61,5
F007,2022-09-30,Automobiles,3.31,1
F007,2022-09-30,Metals,2.92,10
F007,2022-09-30,Telecom,5.41,10
F007,2022-09-30,Real Estate,0.35,3
F007,2022-09-30,Infrastructure,21.59,5
F007,2022-12-31,Financial Services,1.9,2
F007,2022-12-31,IT,28.55,7
F007,2022-12-31,FMCG,1.07,5
F007,2022-12-31,Healthcare,21.16,8
F007,2022-12-31,Energy,2.02,8
F007,2022-12-31,Automobiles,0.48,11
F007,2022-12-31,Metals,15.55,3
F007,2022-12-31,Telecom,4.02,4
F007,2022-12-31,Real Estate,15.34,9
F007,2022-12-31,Infrastructure,9.91,3
F007,2023-03-31,Financial Services,1.39,4
F007,2023-03-31,IT,32.4,10
F007,2023-03-31,FMCG,7.25,2
F007,2023-03-31,Healthcare,15.97,2
F007,2023-03-31,Energy,8.37,7
F007,2023-03-31,Automobiles,11.17,1
F007,2023-03-31,Metals,4.34,1
F007,2023-03-31,Telecom,2.69,8
F007,2023-03-31,Real Estate,9.42,3
F007,2023-03-31,Infrastructure,6.99,4
F007,2023-06-30,Financial Services,5.05,7
F007,2023-06-30,IT,11.41,6
F007,2023-06-30,FMCG,11.99,7
F007,2023-06-30,Healthcare,0.48,6
F007,2023-06-30,Energy,4.23,9
F007,2023-06-30,Automobiles,5.42,8
F007,2023-06-30,Metals,1.04,4
F007,2023-06-30,Telecom,2.75,12
F007,2023-06-30,Real Estate,0.54,1
F007,2023-06-30,Infrastructure,57.08,11
F007,2023-09-30,Financial Services,13.26,12
F007,2023-09-30,IT,0.91,12
F007,2023-09-30,FMCG,0.2,11
F007,2023-09-30,Healthcare,12.63,5
F007,2023-09-30,Energy,5.75,3
F007,2023-09-30,Automobiles,15.37,1
F007,2023-09-30,Metals,25.56,11
F007,2023-09-30,Telecom,9.09,6
F007,2023-09-30,Real Estate,2.06,2
F007,2023-09-30,Infrastructure,15.16,6
F007,2023-12-31,Financial Services,24.52,12
F007,2023-12-31,IT,6.82,12
F007,2023-12-31,FMCG,9.01,2
F007,2023-12-31,Healthcare,3.24,7
F007,2023-12-31,Energy,3.78,9
F007,2023-12-31,Automobiles,10.43,10
F007,2023-12-31,Metals,20.66,6
F007,2023-12-31,Telecom,7.8,1
F007,2023-12-31,Real Estate,12.26,3
F007,2023-12-31,Infrastructure,1.48,5
F007,2024-03-31,Financial Services,3.12,3
F007,2024-03-31,IT,9.96,4
F007,2024-03-31,FMCG,2.55,1
F007,2024-03-31,Healthcare,13.21,1
F007,2024-03-31,Energy,4.52,11
F007,2024-03-31,Automobiles,20.56,2
F007,2024-03-31,Metals,21.65,11
F007,2024-03-31,Telecom,8.17,11
F007,2024-03-31,Real Estate,2.62,3
F007,2024-03-31,Infrastructure,13.64,11
F007,2024-06-30,Financial Services,45.68,4
F007,2024-06-30,IT,9.02,2
F007,2024-06-30,FMCG,0.34,11
F007,2024-06-30,Healthcare,0.16,4
F007,2024-06-30,Energy,3.58,10
F007,2024-06-30,Automobiles,2.02,2
F007,2024-06-30,Metals,15.53,11
F007,2024-06-30,Telecom,17.25,3
F007,2024-06-30,Real Estate,2.77,3
F007,2024-06-30,Infrastructure,3.65,2
F007,2024-09-30,Financial Services,3.08,6
F007,2024-09-30,IT,27.28,7
F007,2024-09-30,FMCG,7.97,8
F007,2024-09-30,Healthcare,12.18,12
F007,2024-09-30,Energy,6.13,5
F007,2024-09-30,Automobiles,11.38,11
F007,2024-09-30,Metals,5.56,9
F007,2024-09-30,Telecom,4.74,3
F007,2024-09-30,Real Estate,11.49,2
F007,2024-09-30,Infrastructure,10.2,4
F007,2024-12-31,Financial Services,5.62,1
F007,2024-12-31,IT,2.62,6
F007,2024-12-31,FMCG,7.43,10
F007,2024-12-31,Healthcare,8.67,8
F007,2024-12-31,Energy,16.02,1
F007,2024-12-31,Automobiles,39.77,7
F007,2024-12-31,Metals,0.6,7
F007,2024-12-31,Telecom,4.52,5
F007,2024-12-31,Real Estate,3.48,3
F007,2024-12-31,Infrastructure,11.28,9
F007,2025-03-31,Financial Services,3.76,12
F007,2025-03-31,IT,8.75,9
F007,2025-03-31,FMCG,1.86,9
F007,2025-03-31,Healthcare,6.05,12
F007,2025-03-31,Energy,14.43,10
F007,2025-03-31,Automobiles,16.19,10
F007,2025-03-31,Metals,21.37,1
F007,2025-03-31,Telecom,9.95,1
F007,2025-03-31,Real Estate,15.85,11
F007,2025-03-31,Infrastructure,1.79,6
F007,2025-06-30,Financial Services,1.57,6
F007,2025-06-30,IT,0.05,1
F007,2025-06-30,FMCG,8.76,3
F007,2025-06-30,Healthcare,19.8,7
F007,2025-06-30,Energy,1.48,1
F007,2025-06-30,Automobiles,7.24,11
F007,2025-06-30,Metals,9.8,7
F007,2025-06-30,Telecom,18.75,9
F007,2025-06-30,Real Estate,7.43,6
F007,2025-06-30,Infrastructure,25.12,8
F007,2025-09-30,Financial Services,5.74,6
F007,2025-09-30,IT,5.85,7
F007,2025-09-30,FMCG,10.63,1
F007,2025-09-30,Healthcare,6.57,11
F007,2025-09-30,Energy,0.02,7
F007,2025-09-30,Automobiles,17.86,10
F007,2025-09-30,Metals,18.91,9
F007,2025-09-30,Telecom,18.65,5
F007,2025-09-30,Real Estate,5.74,4
F007,2025-09-30,Infrastructure,10.03,1
F007,2025-12-31,Financial Services,4.09,4
F007,2025-12-31,IT,0.15,7
F007,2025-12-31,FMCG,7.57,11
F007,2025-12-31,Healthcare,1.21,5
F007,2025-12-31,Energy,0.76,11
F007,2025-12-31,Automobiles,12.9,2
F007,2025-12-31,Metals,0.09,6
F007,2025-12-31,Telecom,29.26,9
F007,2025-12-31,Real Estate,6.63,12
F007,2025-12-31,Infrastructure,37.33,9
F007,2026-03-31,Financial Services,0.87,10
F007,2026-03-31,IT,12.69,7
F007,2026-03-31,FMCG,6.23,6
F007,2026-03-31,Healthcare,26.88,3
F007,2026-03-31,Energy,6.5,3
F007,2026-03-31,Automobiles,4.37,9
F007,2026-03-31,Metals,28.24,3
F007,2026-03-31,Telecom,6.8,3
F007,2026-03-31,Real Estate,0.25,4
F007,2026-03-31,Infrastructure,7.17,5
F007,2026-06-30,Financial Services,18.73,4
F007,2026-06-30,IT,5.17,7
F007,2026-06-30,FMCG,9.97,3
F007,2026-06-30,Healthcare,1.03,12
F007,2026-06-30,Energy,15.63,10
F007,2026-06-30,Automobiles,24.88,4
F007,2026-06-30,Metals,9.4,4
F007,2026-06-30,Telecom,9.6,7
F007,2026-06-30,Real Estate,1.63,12
F007,2026-06-30,Infrastructure,3.97,8
F008,2022-03-31,Financial Services,1.8,9
F008,2022-03-31,IT,7.06,4
F008,2022-03-31,FMCG,8.09,12
F008,2022-03-31,Healthcare,31.94,11
F008,2022-03-31,Energy,0.82,12
F008,2022-03-31,Automobiles,9.83,5
F008,2022-03-31,Metals,8.03,1
F008,2022-03-31,Telecom,7.8,1
F008,2022-03-31,Real Estate,22.17,3
F008,2022-03-31,Infrastructure,2.47,6
F008,2022-06-30,Financial Services,0.91,8
F008,2022-06-30,IT,24.26,10
F008,2022-06-30,FMCG,9.21,11
F008,2022-06-30,Healthcare,0.39,11
F008,2022-06-30,Energy,6.3,11
F008,2022-06-30,Automobiles,8.05,1
F008,2022-06-30,Metals,20.86,5
F008,2022-06-30,Telecom,4.12,2
F008,2022-06-30,Real Estate,11.59,12
F008,2022-06-30,Infrastructure,14.33,4
F008,2022-09-30,Financial Services,4.01,8
F008,2022-09-30,IT,23.79,9
F008,2022-09-30,FMCG,0.3,9
F008,2022-09-30,Healthcare,19.67,9
F008,2022-09-30,Energy,5.69,10
F008,2022-09-30,Automobiles,10.36,10
F008,2022-09-30,Metals,3.67,5
F008,2022-09-30,Telecom,3.95,4
F008,2022-09-30,Real Estate,13.79,11
F008,2022-09-30,Infrastructure,14.76,12
F008,2022-12-31,Financial Services,3.03,11
F008,2022-12-31,IT,2.46,3
F008,2022-12-31,FMCG,7.61,11
F008,2022-12-31,Healthcare,25.57,5
F008,2022-12-31,Energy,4.32,12
F008,2022-12-31,Automobiles,11.71,11
F008,2022-12-31,Metals,13.66,5
F008,2022-12-31,Telecom,16.73,2
F008,2022-12-31,Real Estate,9.21,4
F008,2022-12-31,Infrastructure,5.71,5
F008,2023-03-31,Financial Services,31.26,10
F008,2023-03-31,IT,8.66,3
F008,2023-03-31,FMCG,11.95,12
F008,2023-03-31,Healthcare,3.88,5
F008,2023-03-31,Energy,10.16,12
F008,2023-03-31,Automobiles,2.73,5
F008,2023-03-31,Metals,2.58,4
F008,2023-03-31,Telecom,11.49,8
F008,2023-03-31,Real Estate,6.75,9
F008,2023-03-31,Infrastructure,10.54,4
F008,2023-06-30,Financial Services,4.08,9
F008,2023-06-30,IT,11.85,6
F008,2023-06-30,FMCG,7.62,11
F008,2023-06-30,Healthcare,11.8,9
F008,2023-06-30,Energy,4.46,9
F008,2023-06-30,Automobiles,16.32,7
F008,2023-06-30,Metals,21.28,9
F008,2023-06-30,Telecom,3.91,5
F008,2023-06-30,Real Estate,4.64,1
F008,2023-06-30,Infrastructure,14.05,3
F008,2023-09-30,Financial Services,13.11,2
F008,2023-09-30,IT,13.42,5
F008,2023-09-30,FMCG,12.65,10
F008,2023-09-30,Healthcare,5.5,12
F008,2023-09-30,Energy,5.53,8
F008,2023-09-30,Automobiles,3.24,6
F008,2023-09-30,Metals,1.88,2
F008,2023-09-30,Telecom,13.0,11
F008,2023-09-30,Real Estate,1.08,12
F008,2023-09-30,Infrastructure,30.6,2
F008,2023-12-31,Financial Services,11.88,7
F008,2023-12-31,IT,13.21,1
F008,2023-12-31,FMCG,16.08,9
F008,2023-12-31,Healthcare,3.56,6
F008,2023-12-31,Energy,12.72,3
F008,2023-12-31,Automobiles,1.17,10
F008,2023-12-31,Metals,0.15,1
F008,2023-12-31,Telecom,10.42,8
F008,2023-12-31,Real Estate,0.53,12
F008,2023-12-31,Infrastructure,30.29,4
F008,2024-03-31,Financial Services,14.99,9
F008,2024-03-31,IT,18.68,2
F008,2024-03-31,FMCG,3.76,2
F008,2024-03-31,Healthcare,14.95,7
F008,2024-03-31,Energy,0.59,3
F008,2024-03-31,Automobiles,24.27,12
F008,2024-03-31,Metals,2.48,12
F008,2024-03-31,Telecom,15.95,11
F008,2024-03-31,Real Estate,3.39,3
F008,2024-03-31,Infrastructure,0.95,11
F008,2024-06-30,Financial Services,10.3,2
F008,2024-06-30,IT,2.91,7
F008,2024-06-30,FMCG,20.5,10
F008,2024-06-30,Healthcare,4.25,5
F008,2024-06-30,Energy,6.58,8
F008,2024-06-30,Automobiles,13.14,10
F008,2024-06-30,Metals,5.26,9
F008,2024-06-30,Telecom,7.45,2
F008,2024-06-30,Real Estate,26.52,10
F008,2024-06-30,Infrastructure,3.1,9
F008,2024-09-30,Financial Services,1.44,4
F008,2024-09-30,IT,6.66,7
F008,2024-09-30,FMCG,9.24,1
F008,2024-09-30,Healthcare,13.09,6
F008,2024-09-30,Energy,7.8,11
F008,2024-09-30,Automobiles,26.11,8
F008,2024-09-30,Metals,0.67,9
F008,2024-09-30,Telecom,9.46,7
F008,2024-09-30,Real Estate,8.06,6
F008,2024-09-30,Infrastructure,17.46,9
F008,2024-12-31,Financial Services,32.09,2
F008,2024-12-31,IT,6.76,3
F008,2024-12-31,FMCG,41.03,5
F008,2024-12-31,Healthcare,3.41,12
F008,2024-12-31,Energy,0.3,10
F008,2024-12-31,Automobiles,1.71,2
F008,2024-12-31,Metals,4.76,3
F008,2024-12-31,Telecom,3.6,7
F008,2024-12-31,Real Estate,0.97,10
F008,2024-12-31,Infrastructure,5.37,9
F008,2025-03-31,Financial Services,5.96,11
F008,2025-03-31,IT,1.89,8
F008,2025-03-31,FMCG,5.08,1
F008,2025-03-31,Healthcare,31.44,11
F008,2025-03-31,Energy,5.2,9
F008,2025-03-31,Automobiles,18.09,9
F008,2025-03-31,Metals,13.69,4
F008,2025-03-31,Telecom,8.05,3
F008,2025-03-31,Real Estate,3.95,4
F008,2025-03-31,Infrastructure,6.66,7
F008,2025-06-30,Financial Services,10.08,11
F008,2025-06-30,IT,4.85,10
F008,2025-06-30,FMCG,2.72,2
F008,2025-06-30,Healthcare,1.39,5
F008,2025-06-30,Energy,23.8,10
F008,2025-06-30,Automobiles,6.52,4
F008,2025-06-30,Metals,11.03,6
F008,2025-06-30,Telecom,7.57,5
F008,2025-06-30,Real Estate,23.15,12
F008,2025-06-30,Infrastructure,8.9,9
F008,2025-09-30,Financial Services,6.08,12
F008,2025-09-30,IT,23.99,12
F008,2025-09-30,FMCG,11.8,8
F008,2025-09-30,Healthcare,1.1,1
F008,2025-09-30,Energy,1.82,1
F008,2025-09-30,Automobiles,14.36,6
F008,2025-09-30,Metals,16.77,2
F008,2025-09-30,Telecom,7.31,11
F008,2025-09-30,Real Estate,7.5,1
F008,2025-09-30,Infrastructure,9.28,8
F008,2025-12-31,Financial Services,6.0,11
F008,2025-12-31,IT,11.83,3
F008,2025-12-31,FMCG,1.19,7
F008,2025-12-31,Healthcare,33.75,4
F008,2025-12-31,Energy,14.4,11
F008,2025-12-31,Automobiles,10.35,11
F008,2025-12-31,Metals,3.95,12
F008,2025-12-31,Telecom,1.82,2
F008,2025-12-31,Real Estate,5.46,12
F008,2025-12-31,Infrastructure,11.25,6
F008,2026-03-31,Financial Services,11.5,1
F008,2026-03-31,IT,5.52,12
F008,2026-03-31,FMCG,10.88,7
F008,2026-03-31,Healthcare,19.24,5
F008,2026-03-31,Energy,0.3,6
F008,2026-03-31,Automobiles,6.86,7
F008,2026-03-31,Metals,16.27,12
F008,2026-03-31,Telecom,9.04,5
F008,2026-03-31,Real Estate,12.07,11
F008,2026-03-31,Infrastructure,8.32,4
F008,2026-06-30,Financial Services,36.67,1
F008,2026-06-30,IT,0.43,9
F008,2026-06-30,FMCG,5.15,8
F008,2026-06-30,Healthcare,0.73,4
F008,2026-06-30,Energy,1.33,12
F008,2026-06-30,Automobiles,3.68,6
F008,2026-06-30,Metals,1.29,3
F008,2026-06-30,Telecom,25.26,11
F008,2026-06-30,Real Estate,22.35,4
F008,2026-06-30,Infrastructure,3.12,1
F009,2022-03-31,Financial Services,8.03,11
F009,2022-03-31,IT,6.0,5
F009,2022-03-31,FMCG,13.3,12
F009,2022-03-31,Healthcare,7.77,8
F009,2022-03-31,Energy,0.0,5
F009,2022-03-31,Automobiles,11.33,12
F009,2022-03-31,Metals,10.81,11
F009,2022-03-31,Telecom,5.61,7
F009,2022-03-31,Real Estate,18.35,7
F009,2022-03-31,Infrastructure,18.81,2
F009,2022-06-30,Financial Services,4.63,1
F009,2022-06-30,IT,5.84,12
F009,2022-06-30,FMCG,35.31,7
F009,2022-06-30,Healthcare,2.21,12
F009,2022-06-30,Energy,2.45,8
F009,2022-06-30,Automobiles,1.26,3
F009,2022-06-30,Metals,14.11,7
F009,2022-06-30,Telecom,8.51,9
F009,2022-06-30,Real Estate,0.7,3
F009,2022-06-30,Infrastructure,24.98,8
F009,2022-09-30,Financial Services,11.82,11
F009,2022-09-30,IT,17.11,2
F009,2022-09-30,FMCG,0.44,3
F009,2022-09-30,Healthcare,6.33,9
F009,2022-09-30,Energy,10.8,3
F009,2022-09-30,Automobiles,7.05,9
F009,2022-09-30,Metals,9.89,4
F009,2022-09-30,Telecom,15.33,8
F009,2022-09-30,Real Estate,4.22,7
F009,2022-09-30,Infrastructure,17.0,3
F009,2022-12-31,Financial Services,3.04,11
F009,2022-12-31,IT,5.4,7
F009,2022-12-31,FMCG,0.76,1
F009,2022-12-31,Healthcare,7.75,11
F009,2022-12-31,Energy,8.17,5
F009,2022-12-31,Automobiles,27.98,6
F009,2022-12-31,Metals,18.1,1
F009,2022-12-31,Telecom,9.81,9
F009,2022-12-31,Real Estate,18.05,2
F009,2022-12-31,Infrastructure,0.93,8
F009,2023-03-31,Financial Services,1.81,1
F009,2023-03-31,IT,8.96,3
F009,2023-03-31,FMCG,9.32,5
F009,2023-03-31,Healthcare,13.53,3
F009,2023-03-31,Energy,4.69,12
F009,2023-03-31,Automobiles,11.66,3
F009,2023-03-31,Metals,10.47,9
F009,2023-03-31,Telecom,30.07,7
F009,2023-03-31,Real Estate,2.2,12
F009,2023-03-31,Infrastructure,7.29,11
F009,2023-06-30,Financial Services,8.19,3
F009,2023-06-30,IT,58.8,8
F009,2023-06-30,FMCG,2.0,3
F009,2023-06-30,Healthcare,6.59,11
F009,2023-06-30,Energy,3.78,2
F009,2023-06-30,Automobiles,6.64,5
F009,2023-06-30,Metals,2.35,7
F009,2023-06-30,Telecom,0.43,2
F009,2023-06-30,Real Estate,7.56,3
F009,2023-06-30,Infrastructure,3.64,4
F009,2023-09-30,Financial Services,1.89,1
F009,2023-09-30,IT,3.69,3
F009,2023-09-30,FMCG,0.48,8
F009,2023-09-30,Healthcare,28.34,4
F009,2023-09-30,Energy,8.21,12
F009,2023-09-30,Automobiles,15.9,3
F009,2023-09-30,Metals,5.19,11
F009,2023-09-30,Telecom,22.03,2
F009,2023-09-30,Real Estate,6.23,8
F009,2023-09-30,Infrastructure,8.05,1
F009,2023-12-31,Financial Services,10.85,8
F009,2023-12-31,IT,21.18,6
F009,2023-12-31,FMCG,13.4,2
F009,2023-12-31,Healthcare,5.08,7
F009,2023-12-31,Energy,2.52,7
F009,2023-12-31,Automobiles,14.93,4
F009,2023-12-31,Metals,10.77,12
F009,2023-12-31,Telecom,1.62,9
F009,2023-12-31,Real Estate,8.07,2
F009,2023-12-31,Infrastructure,11.59,5
F009,2024-03-31,Financial Services,14.18,4
F009,2024-03-31,IT,0.64,7
F009,2024-03-31,FMCG,3.46,1
F009,2024-03-31,Healthcare,13.98,10
F009,2024-03-31,Energy,8.45,1
F009,2024-03-31,Automobiles,2.77,3
F009,2024-03-31,Metals,15.09,10
F009,2024-03-31,Telecom,5.5,12
F009,2024-03-31,Real Estate,5.58,3
F009,2024-03-31,Infrastructure,30.35,8
F009,2024-06-30,Financial Services,29.16,12
F009,2024-06-30,IT,4.4,8
F009,2024-06-30,FMCG,1.5,1
F009,2024-06-30,Healthcare,3.91,6
F009,2024-06-30,Energy,0.31,6
F009,2024-06-30,Automobiles,0.21,6
F009,2024-06-30,Metals,4.99,12
F009,2024-06-30,Telecom,28.08,12
F009,2024-06-30,Real Estate,20.34,7
F009,2024-06-30,Infrastructure,7.1,7
F009,2024-09-30,Financial Services,13.51,11
F009,2024-09-30,IT,0.1,11
F009,2024-09-30,FMCG,3.94,5
F009,2024-09-30,Healthcare,0.41,9
F009,2024-09-30,Energy,22.78,3
F009,2024-09-30,Automobiles,2.55,3
F009,2024-09-30,Metals,32.98,2
F009,2024-09-30,Telecom,16.72,5
F009,2024-09-30,Real Estate,4.23,5
F009,2024-09-30,Infrastructure,2.78,6
F009,2024-12-31,Financial Services,6.1,4
F009,2024-12-31,IT,14.26,5
F009,2024-12-31,FMCG,7.82,10
F009,2024-12-31,Healthcare,2.64,6
F009,2024-12-31,Energy,5.46,10
F009,2024-12-31,Automobiles,2.3,11
F009,2024-12-31,Metals,43.62,3
F009,2024-12-31,Telecom,8.53,3
F009,2024-12-31,Real Estate,5.88,3
F009,2024-12-31,Infrastructure,3.4,9
F009,2025-03-31,Financial Services,11.45,6
F009,2025-03-31,IT,4.97,1
F009,2025-03-31,FMCG,0.35,6
F009,2025-03-31,Healthcare,5.98,12
F009,2025-03-31,Energy,31.72,11
F009,2025-03-31,Automobiles,11.71,10
F009,2025-03-31,Metals,1.04,1
F009,2025-03-31,Telecom,25.73,10
F009,2025-03-31,Real Estate,3.73,7
F009,2025-03-31,Infrastructure,3.32,3
F009,2025-06-30,Financial Services,4.07,7
F009,2025-06-30,IT,9.95,8
F009,2025-06-30,FMCG,9.09,7
F009,2025-06-30,Healthcare,7.81,11
F009,2025-06-30,Energy,14.61,6
F009,2025-06-30,Automobiles,4.4,8
F009,2025-06-30,Metals,17.61,6
F009,2025-06-30,Telecom,2.23,5
F009,2025-06-30,Real Estate,17.64,1
F009,2025-06-30,Infrastructure,12.6,9
F009,2025-09-30,Financial Services,15.54,6
F009,2025-09-30,IT,8.88,10
F009,2025-09-30,FMCG,14.86,1
F009,2025-09-30,Healthcare,1.12,1
F009,2025-09-30,Energy,25.78,11
F009,2025-09-30,Automobiles,0.77,8
F009,2025-09-30,Metals,2.18,10
F009,2025-09-30,Telecom,11.62,9
F009,2025-09-30,Real Estate,18.18,3
F009,2025-09-30,Infrastructure,1.07,11
F009,2025-12-31,Financial Services,13.78,3
F009,2025-12-31,IT,19.75,10
F009,2025-12-31,FMCG,5.06,8
F009,2025-12-31,Healthcare,3.57,8
F009,2025-12-31,Energy,7.35,10
F009,2025-12-31,Automobiles,2.16,5
F009,2025-12-31,Metals,3.69,4
F009,2025-12-31,Telecom,13.47,6
F009,2025-12-31,Real Estate,16.93,12
F009,2025-12-31,Infrastructure,14.23,12
F009,2026-03-31,Financial Services,3.92,12
F009,2026-03-31,IT,3.4,5
F009,2026-03-31,FMCG,4.55,6
F009,2026-03-31,Healthcare,7.49,6
F009,2026-03-31,Energy,4.85,7
F009,2026-03-31,Automobiles,6.03,11
F009,2026-03-31,Metals,12.47,8
F009,2026-03-31,Telecom,18.5,1
F009,2026-03-31,Real Estate,17.11,4
F009,2026-03-31,Infrastructure,21.67,11
F009,2026-06-30,Financial Services,0.36,8
F009,2026-06-30,IT,0.54,5
F009,2026-06-30,FMCG,17.16,1
F009,2026-06-30,Healthcare,8.39,1
F009,2026-06-30,Energy,9.51,2
F009,2026-06-30,Automobiles,0.6,6
F009,2026-06-30,Metals,3.25,3
F009,2026-06-30,Telecom,11.2,12
F009,2026-06-30,Real Estate,21.59,5
F009,2026-06-30,Infrastructure,27.41,6
