sip_id,investor_id,fund_id,sip_amount,sip_date,start_date,frequency,total_instalments_completed,status,last_instalment_date,mandate_amount
SIP000001,INV01664,F004,3000,19,2022-01-01,Quarterly,41,Active,2025-05-01,10000
SIP000002,INV01510,F003,1000,8,2024-01-01,Monthly,30,Active,2026-06-01,2000
SIP000003,INV00903,F002,5000,26,2023-09-01,Monthly,16,Active,2024-12-01,1000
SIP000004,INV01250,F006,3000,14,2024-07-01,Monthly,20,Paused,2026-02-01,2000
SIP000005,INV01025,F008,2000,1,2023-03-01,Monthly,9,Cancelled,2023-11-01,5000
SIP000006,INV00404,F003,5000,28,2024-01-01,Monthly,10,Paused,2024-10-01,5000
SIP000007,INV00348,F002,3000,4,2024-10-01,Monthly,30,Active,2027-03-01,2000
SIP000008,INV00622,F005,500,20,2023-10-01,Monthly,20,Active,2025-05-01,10000
SIP000009,INV00421,F010,5000,25,2023-10-01,Monthly,46,Active,2027-07-01,1000
SIP000010,INV00963,F004,500,6,2023-08-01,Monthly,18,Active,2025-01-01,1000
SIP000011,INV01750,F007,500,20,2023-01-01,Monthly,22,Active,2024-10-01,2000
SIP000012,INV01557,F004,2000,24,2023-09-01,Monthly,5,Active,2024-01-01,5000
SIP000013,INV01741,F010,500,19,2025-02-01,Monthly,46,Active,2028-11-01,10000
SIP000014,INV01184,F010,3000,26,2025-04-01,Quarterly,31,Active,2027-10-01,1000
SIP000015,INV00107,F004,2000,21,2025-03-01,Monthly,11,Paused,2026-01-01,500
SIP000016,INV01229,F002,10000,4,2024-09-01,Quarterly,13,Cancelled,2025-09-01,500
SIP000017,INV01931,F003,500,1,2024-01-01,Monthly,36,Active,2026-12-01,5000
SIP000018,INV00162,F001,2000,22,2022-05-01,Monthly,42,Active,2025-10-01,1000
SIP000019,INV01206,F004,500,10,2024-06-01,Monthly,44,Active,2028-01-01,2000
SIP000020,INV01542,F005,10000,3,2024-06-01,Monthly,48,Active,2028-05-01,1000
SIP000021,INV00116,F009,1000,12,2023-11-01,Monthly,47,Paused,2027-09-01,500
SIP000022,INV01049,F002,2000,5,2022-09-01,Weekly,4,Cancelled,2022-12-01,1000
SIP000023,INV00677,F008,1000,7,2022-10-01,Monthly,26,Active,2024-11-01,10000
SIP000024,INV01896,F003,5000,18,2023-10-01,Monthly,27,Active,2025-12-01,1000
SIP000025,INV00422,F007,2000,16,2023-05-01,Monthly,9,Cancelled,2024-01-01,10000
SIP000026,INV01193,F009,3000,18,2022-02-01,Quarterly,9,Active,2022-10-01,5000
SIP000027,INV01420,F005,1000,13,2024-02-01,Quarterly,2,Active,2024-03-01,1000
SIP000028,INV00102,F005,5000,21,2024-07-01,Monthly,3,Active,2024-09-01,5000
SIP000029,INV01942,F005,10000,14,2022-01-01,Quarterly,18,Active,2023-06-01,10000
SIP000030,INV00870,F002,3000,19,2022-01-01,Monthly,41,Paused,2025-05-01,10000
SIP000031,INV00520,F006,5000,25,2024-06-01,Monthly,27,Active,2026-08-01,2000
SIP000032,INV01126,F002,5000,26,2023-06-01,Monthly,9,Paused,2024-02-01,1000
SIP000033,INV01607,F010,10000,25,2022-02-01,Quarterly,20,Active,2023-09-01,2000
SIP000034,INV00309,F006,10000,1,2023-12-01,Monthly,46,Active,2027-09-01,5000
SIP000035,INV00279,F002,500,3,2024-09-01,Quarterly,4,Active,2024-12-01,1000
SIP000036,INV01543,F010,5000,16,2025-03-01,Monthly,3,Active,2025-05-01,1000
SIP000037,INV00044,F002,1000,1,2023-02-01,Monthly,3,Active,2023-04-01,10000
SIP000038,INV01823,F005,2000,15,2023-11-01,Monthly,39,Active,2027-01-01,10000
SIP000039,INV00457,F007,5000,26,2023-02-01,Monthly,29,Active,2025-06-01,10000
SIP000040,INV00041,F001,1000,4,2023-07-01,Quarterly,19,Active,2025-01-01,500
SIP000041,INV00033,F006,3000,4,2023-07-01,Monthly,38,Active,2026-08-01,10000
SIP000042,INV01609,F004,10000,7,2024-08-01,Quarterly,10,Active,2025-05-01,2000
SIP000043,INV00612,F007,2000,8,2023-07-01,Monthly,25,Paused,2025-07-01,10000
SIP000044,INV01196,F004,3000,27,2023-11-01,Monthly,13,Active,2024-11-01,2000
SIP000045,INV00486,F002,3000,1,2022-12-01,Monthly,48,Active,2026-11-01,5000
SIP000046,INV00710,F003,3000,1,2024-06-01,Monthly,45,Paused,2028-02-01,500
SIP000047,INV00356,F009,1000,8,2022-10-01,Monthly,12,Active,2023-09-01,10000
SIP000048,INV01551,F007,2000,8,2023-09-01,Quarterly,12,Active,2024-08-01,5000
SIP000049,INV01484,F002,1000,25,2025-06-01,Quarterly,47,Active,2029-04-01,500
SIP000050,INV00209,F001,500,10,2022-01-01,Monthly,30,Active,2024-06-01,10000
SIP000051,INV01700,F008,5000,17,2024-07-01,Quarterly,40,Active,2027-10-01,1000
SIP000052,INV00343,F005,5000,18,2023-08-01,Monthly,22,Active,2025-05-01,500
SIP000053,INV01288,F003,3000,3,2022-03-01,Weekly,19,Paused,2023-09-01,1000
SIP000054,INV00271,F005,500,14,2025-05-01,Monthly,39,Paused,2028-07-01,2000
SIP000055,INV00628,F006,2000,5,2022-05-01,Monthly,32,Active,2024-12-01,500
SIP000056,INV01421,F005,2000,19,2023-09-01,Monthly,22,Active,2025-06-01,500
SIP000057,INV01362,F008,2000,18,2023-04-01,Monthly,17,Active,2024-08-01,1000
SIP000058,INV00342,F004,1000,18,2024-11-01,Monthly,7,Cancelled,2025-05-01,10000
SIP000059,INV00661,F007,5000,9,2024-11-01,Quarterly,23,Active,2026-09-01,10000
SIP000060,INV01159,F001,10000,13,2022-05-01,Quarterly,18,Active,2023-10-01,2000
SIP000061,INV00631,F010,10000,8,2023-09-01,Monthly,27,Active,2025-11-01,500
SIP000062,INV01666,F009,5000,28,2025-01-01,Monthly,44,Cancelled,2028-08-01,500
SIP000063,INV00596,F003,10000,8,2023-08-01,Monthly,15,Active,2024-10-01,2000
SIP000064,INV00257,F003,1000,15,2022-02-01,Monthly,33,Active,2024-10-01,500
SIP000065,INV01363,F006,1000,25,2022-09-01,Weekly,4,Active,2022-12-01,2000
SIP000066,INV01448,F008,5000,18,2023-01-01,Monthly,43,Cancelled,2026-07-01,10000
SIP000067,INV00712,F003,2000,10,2023-01-01,Monthly,18,Active,2024-06-01,10000
SIP000068,INV01626,F009,5000,21,2022-09-01,Weekly,13,Paused,2023-09-01,10000
SIP000069,INV01703,F007,10000,7,2024-06-01,Monthly,20,Active,2026-01-01,5000
SIP000070,INV01334,F009,3000,26,2022-07-01,Monthly,4,Paused,2022-10-01,1000
SIP000071,INV01041,F006,10000,3,2024-11-01,Monthly,32,Paused,2027-06-01,500
SIP000072,INV00366,F007,1000,7,2023-06-01,Monthly,16,Active,2024-09-01,500
SIP000073,INV01052,F004,1000,2,2023-01-01,Monthly,35,Active,2025-11-01,10000
SIP000074,INV01962,F004,10000,20,2022-12-01,Monthly,29,Active,2025-04-01,500
SIP000075,INV01400,F004,2000,5,2022-08-01,Monthly,12,Cancelled,2023-07-01,10000
SIP000076,INV00695,F004,5000,18,2023-10-01,Monthly,41,Paused,2027-02-01,500
SIP000077,INV01766,F002,10000,19,2023-07-01,Monthly,13,Active,2024-07-01,500
SIP000078,INV00330,F001,2000,24,2023-09-01,Monthly,29,Active,2026-01-01,5000
SIP000079,INV01757,F007,5000,27,2024-02-01,Monthly,25,Active,2026-02-01,2000
SIP000080,INV00873,F008,500,1,2022-07-01,Monthly,5,Active,2022-11-01,5000
SIP000081,INV01369,F004,3000,1,2023-06-01,Monthly,43,Active,2026-12-01,500
SIP000082,INV00821,F002,5000,10,2023-05-01,Quarterly,18,Cancelled,2024-10-01,10000
SIP000083,INV01422,F004,2000,9,2024-10-01,Monthly,14,Cancelled,2025-11-01,5000
SIP000084,INV01961,F001,500,26,2023-01-01,Monthly,48,Active,2026-12-01,500
SIP000085,INV01954,F009,10000,4,2023-10-01,Monthly,35,Active,2026-08-01,10000
SIP000086,INV00336,F005,500,5,2024-11-01,Monthly,38,Active,2027-12-01,10000
SIP000087,INV00371,F010,1000,20,2024-10-01,Monthly,46,Active,2028-07-01,2000
SIP000088,INV00756,F010,5000,8,2023-03-01,Monthly,46,Active,2026-12-01,500
SIP000089,INV01133,F004,500,8,2022-08-01,Monthly,27,Active,2024-10-01,2000
SIP000090,INV01047,F002,3000,24,2024-10-01,Monthly,28,Active,2027-01-01,500
SIP000091,INV00015,F003,1000,22,2024-08-01,Monthly,22,Active,2026-05-01,10000
SIP000092,INV01678,F004,5000,12,2022-03-01,Monthly,21,Active,2023-11-01,10000
SIP000093,INV00327,F004,1000,3,2025-03-01,Monthly,8,Active,2025-10-01,5000
SIP000094,INV01502,F010,10000,10,2024-01-01,Monthly,32,Active,2026-08-01,1000
SIP000095,INV01137,F002,2000,18,2025-01-01,Monthly,33,Active,2027-09-01,1000
SIP000096,INV00072,F004,1000,8,2025-05-01,Monthly,27,Paused,2027-07-01,2000
SIP000097,INV00294,F003,5000,18,2023-11-01,Monthly,13,Paused,2024-11-01,10000
SIP000098,INV00626,F005,1000,7,2023-11-01,Monthly,37,Active,2026-11-01,1000
SIP000099,INV01705,F004,3000,1,2022-02-01,Monthly,22,Cancelled,2023-11-01,1000
SIP000100,INV01711,F007,500,3,2023-12-01,Monthly,37,Paused,2026-12-01,1000
SIP000101,INV01911,F004,3000,25,2024-03-01,Monthly,47,Active,2028-01-01,1000
SIP000102,INV00022,F005,3000,6,2023-08-01,Quarterly,15,Active,2024-10-01,10000
SIP000103,INV01774,F001,1000,28,2023-12-01,Monthly,32,Active,2026-07-01,5000
SIP000104,INV00814,F002,2000,15,2025-01-01,Quarterly,37,Active,2028-01-01,500
SIP000105,INV01534,F006,500,27,2022-01-01,Monthly,41,Paused,2025-05-01,1000
SIP000106,INV00749,F008,10000,5,2023-08-01,Quarterly,9,Active,2024-04-01,2000
SIP000107,INV00132,F009,10000,6,2023-09-01,Monthly,23,Active,2025-07-01,2000
SIP000108,INV01858,F005,10000,18,2022-12-01,Monthly,19,Active,2024-06-01,2000
SIP000109,INV01592,F001,5000,22,2024-07-01,Monthly,45,Cancelled,2028-03-01,10000
SIP000110,INV00238,F010,10000,3,2024-10-01,Quarterly,16,Active,2026-01-01,1000
SIP000111,INV01009,F001,10000,5,2023-06-01,Monthly,38,Active,2026-07-01,500
SIP000112,INV01461,F008,10000,2,2025-04-01,Monthly,18,Active,2026-09-01,2000
SIP000113,INV01934,F009,5000,2,2022-09-01,Monthly,36,Cancelled,2025-08-01,500
SIP000114,INV00410,F008,2000,22,2022-02-01,Monthly,47,Cancelled,2025-12-01,2000
SIP000115,INV01670,F008,10000,18,2024-09-01,Weekly,17,Active,2026-01-01,10000
SIP000116,INV01520,F002,500,12,2024-12-01,Monthly,5,Active,2025-04-01,1000
SIP000117,INV01859,F010,1000,11,2023-08-01,Monthly,9,Active,2024-04-01,5000
SIP000118,INV01786,F004,2000,18,2024-10-01,Monthly,2,Active,2024-11-01,500
SIP000119,INV00753,F010,2000,11,2024-12-01,Monthly,33,Active,2027-08-01,1000
SIP000120,INV00399,F001,2000,23,2023-08-01,Monthly,13,Active,2024-08-01,2000
SIP000121,INV01589,F004,500,12,2022-04-01,Monthly,16,Paused,2023-07-01,5000
SIP000122,INV00256,F001,500,7,2025-02-01,Monthly,18,Paused,2026-07-01,10000
SIP000123,INV01834,F009,10000,8,2024-05-01,Monthly,29,Paused,2026-09-01,500
SIP000124,INV00711,F002,3000,24,2022-05-01,Monthly,14,Active,2023-06-01,5000
SIP000125,INV00270,F005,5000,23,2024-07-01,Weekly,39,Active,2027-09-01,5000
SIP000126,INV00507,F006,1000,26,2023-01-01,Monthly,43,Active,2026-07-01,1000
SIP000127,INV01282,F005,500,7,2023-01-01,Monthly,17,Paused,2024-05-01,10000
SIP000128,INV01878,F001,10000,20,2022-09-01,Monthly,19,Active,2024-03-01,10000
SIP000129,INV01565,F005,1000,20,2023-02-01,Monthly,28,Active,2025-05-01,2000
SIP000130,INV01381,F008,5000,1,2023-08-01,Monthly,4,Active,2023-11-01,10000
SIP000131,INV01867,F003,2000,6,2023-01-01,Monthly,48,Cancelled,2026-12-01,5000
SIP000132,INV01619,F009,10000,22,2024-05-01,Monthly,23,Paused,2026-03-01,2000
SIP000133,INV01180,F005,500,11,2025-02-01,Monthly,3,Active,2025-04-01,10000
SIP000134,INV01889,F003,3000,16,2025-01-01,Monthly,36,Active,2027-12-01,500
SIP000135,INV01814,F008,10000,19,2022-08-01,Monthly,14,Active,2023-09-01,2000
SIP000136,INV00370,F003,2000,10,2024-07-01,Monthly,23,Active,2026-05-01,1000
SIP000137,INV01816,F001,500,17,2025-01-01,Monthly,42,Active,2028-06-01,2000
SIP000138,INV01891,F009,10000,1,2023-06-01,Monthly,2,Active,2023-07-01,2000
SIP000139,INV00716,F001,1000,6,2022-09-01,Monthly,34,Active,2025-06-01,1000
SIP000140,INV00543,F010,1000,22,2023-04-01,Monthly,5,Active,2023-08-01,10000
SIP000141,INV01556,F003,5000,22,2024-01-01,Quarterly,17,Cancelled,2025-05-01,1000
SIP000142,INV00354,F007,2000,4,2022-08-01,Monthly,23,Active,2024-06-01,2000
SIP000143,INV00378,F008,500,12,2023-08-01,Monthly,4,Active,2023-11-01,10000
SIP000144,INV01602,F008,2000,3,2024-09-01,Monthly,35,Active,2027-07-01,5000
SIP000145,INV01907,F007,2000,28,2023-04-01,Monthly,37,Active,2026-04-01,5000
SIP000146,INV01983,F005,5000,15,2022-11-01,Monthly,3,Active,2023-01-01,1000
SIP000147,INV00184,F009,10000,20,2023-11-01,Monthly,19,Paused,2025-05-01,2000
SIP000148,INV01937,F004,5000,15,2025-06-01,Monthly,30,Active,2027-11-01,500
SIP000149,INV01566,F001,10000,4,2022-06-01,Monthly,29,Cancelled,2024-10-01,1000
SIP000150,INV00744,F009,3000,12,2024-09-01,Monthly,45,Paused,2028-05-01,1000
SIP000151,INV01494,F008,5000,8,2024-08-01,Quarterly,22,Active,2026-05-01,2000
SIP000152,INV00708,F005,3000,5,2025-02-01,Quarterly,12,Active,2026-01-01,10000
SIP000153,INV01476,F008,2000,5,2025-04-01,Monthly,20,Active,2026-11-01,5000
SIP000154,INV01964,F005,500,18,2024-01-01,Quarterly,6,Active,2024-06-01,1000
SIP000155,INV00715,F006,10000,11,2022-06-01,Monthly,20,Active,2024-01-01,10000
SIP000156,INV01885,F005,2000,11,2022-05-01,Quarterly,33,Active,2025-01-01,2000
SIP000157,INV01787,F001,2000,17,2023-12-01,Monthly,21,Active,2025-08-01,2000
SIP000158,INV00789,F005,10000,13,2024-07-01,Monthly,37,Active,2027-07-01,1000
SIP000159,INV01103,F002,5000,16,2022-02-01,Monthly,43,Active,2025-08-01,2000
SIP000160,INV00165,F005,10000,6,2025-02-01,Monthly,38,Active,2028-03-01,5000
SIP000161,INV00602,F006,10000,13,2024-02-01,Weekly,47,Active,2027-12-01,2000
SIP000162,INV00245,F005,1000,22,2023-10-01,Monthly,18,Active,2025-03-01,2000
SIP000163,INV00377,F005,1000,21,2022-10-01,Quarterly,16,Active,2024-01-01,2000
SIP000164,INV01627,F007,1000,12,2025-05-01,Weekly,20,Active,2026-12-01,500
SIP000165,INV01135,F004,5000,18,2024-08-01,Monthly,24,Active,2026-07-01,500
SIP000166,INV01540,F008,1000,25,2024-11-01,Quarterly,4,Active,2025-02-01,10000
SIP000167,INV00070,F005,10000,18,2024-11-01,Monthly,17,Active,2026-03-01,500
SIP000168,INV00476,F001,500,14,2022-11-01,Monthly,43,Active,2026-05-01,500
SIP000169,INV01577,F005,500,3,2024-03-01,Weekly,38,Active,2027-04-01,1000
SIP000170,INV01639,F003,500,7,2022-02-01,Monthly,38,Active,2025-03-01,2000
SIP000171,INV01524,F002,2000,2,2022-02-01,Monthly,13,Active,2023-02-01,10000
SIP000172,INV01298,F007,10000,25,2022-02-01,Monthly,46,Active,2025-11-01,10000
SIP000173,INV01264,F001,10000,25,2024-05-01,Weekly,24,Active,2026-04-01,5000
SIP000174,INV01611,F003,5000,28,2024-06-01,Monthly,30,Active,2026-11-01,1000
SIP000175,INV00915,F006,2000,17,2022-09-01,Monthly,8,Active,2023-04-01,10000
SIP000176,INV00226,F009,5000,11,2023-02-01,Monthly,41,Cancelled,2026-06-01,5000
SIP000177,INV00580,F010,2000,3,2025-04-01,Quarterly,10,Active,2026-01-01,10000
SIP000178,INV00686,F006,1000,20,2024-04-01,Monthly,15,Cancelled,2025-06-01,1000
SIP000179,INV00755,F008,3000,26,2024-11-01,Quarterly,32,Paused,2027-06-01,1000
SIP000180,INV01888,F001,500,26,2023-11-01,Monthly,28,Active,2026-02-01,10000
SIP000181,INV00170,F008,10000,11,2024-10-01,Weekly,44,Active,2028-05-01,10000
SIP000182,INV01516,F003,3000,17,2025-02-01,Monthly,15,Paused,2026-04-01,2000
SIP000183,INV00690,F008,10000,8,2024-07-01,Monthly,31,Active,2027-01-01,10000
SIP000184,INV01352,F005,10000,6,2023-05-01,Monthly,31,Active,2025-11-01,5000
SIP000185,INV00754,F002,3000,9,2023-08-01,Monthly,36,Active,2026-07-01,1000
SIP000186,INV00660,F008,2000,3,2024-05-01,Monthly,26,Cancelled,2026-06-01,500
SIP000187,INV01906,F007,10000,2,2023-01-01,Monthly,3,Active,2023-03-01,500
SIP000188,INV00372,F002,10000,12,2024-04-01,Quarterly,25,Active,2026-04-01,1000
SIP000189,INV01854,F005,1000,11,2023-10-01,Monthly,36,Paused,2026-09-01,1000
SIP000190,INV00352,F010,5000,16,2023-09-01,Monthly,24,Cancelled,2025-08-01,10000
SIP000191,INV00428,F002,10000,8,2022-06-01,Monthly,32,Active,2025-01-01,2000
SIP000192,INV01893,F003,3000,23,2022-03-01,Monthly,47,Active,2026-01-01,2000
SIP000193,INV00672,F001,2000,2,2023-02-01,Weekly,13,Active,2024-02-01,500
SIP000194,INV01748,F004,2000,16,2023-06-01,Monthly,2,Paused,2023-07-01,1000
SIP000195,INV00373,F003,1000,6,2023-07-01,Monthly,11,Active,2024-05-01,1000
SIP000196,INV01183,F001,500,28,2023-03-01,Monthly,20,Paused,2024-10-01,1000
SIP000197,INV00911,F008,500,21,2022-08-01,Monthly,20,Active,2024-03-01,10000
SIP000198,INV00704,F006,2000,9,2022-04-01,Monthly,46,Active,2026-01-01,2000
SIP000199,INV01887,F010,2000,28,2022-06-01,Monthly,39,Active,2025-08-01,1000
SIP000200,INV01721,F007,10000,1,2025-03-01,Monthly,45,Active,2028-11-01,2000
SIP000201,INV00605,F003,1000,8,2023-03-01,Monthly,4,Cancelled,2023-06-01,10000
SIP000202,INV00402,F004,3000,10,2022-02-01,Monthly,7,Active,2022-08-01,2000
SIP000203,INV01693,F002,5000,26,2022-05-01,Monthly,42,Cancelled,2025-10-01,1000
SIP000204,INV00158,F005,2000,5,2022-03-01,Monthly,7,Active,2022-09-01,10000
SIP000205,INV00941,F007,1000,2,2022-03-01,Monthly,11,Active,2023-01-01,2000
SIP000206,INV01973,F002,1000,20,2022-12-01,Monthly,33,Active,2025-08-01,1000
SIP000207,INV00958,F008,1000,14,2025-02-01,Quarterly,4,Active,2025-05-01,2000
SIP000208,INV00559,F008,3000,23,2022-11-01,Monthly,6,Active,2023-04-01,1000
SIP000209,INV00284,F008,2000,20,2022-07-01,Monthly,26,Active,2024-08-01,2000
SIP000210,INV01240,F004,500,14,2023-02-01,Monthly,42,Active,2026-07-01,2000
SIP000211,INV00297,F002,5000,1,2024-11-01,Monthly,7,Active,2025-05-01,10000
SIP000212,INV01810,F008,3000,1,2025-01-01,Quarterly,24,Active,2026-12-01,1000
SIP000213,INV01061,F008,3000,11,2024-12-01,Monthly,32,Active,2027-07-01,10000
SIP000214,INV00536,F001,500,23,2024-03-01,Quarterly,10,Active,2024-12-01,10000
SIP000215,INV01720,F005,500,5,2024-09-01,Monthly,28,Active,2026-12-01,1000
SIP000216,INV01423,F009,3000,20,2022-04-01,Monthly,3,Paused,2022-06-01,500
SIP000217,INV01087,F005,3000,18,2023-01-01,Weekly,27,Active,2025-03-01,2000
SIP000218,INV01618,F003,1000,28,2023-10-01,Monthly,7,Active,2024-04-01,10000
SIP000219,INV00381,F010,3000,1,2023-11-01,Quarterly,47,Active,2027-09-01,2000
SIP000220,INV01328,F002,5000,24,2023-11-01,Monthly,15,Active,2025-01-01,500
SIP000221,INV00405,F001,1000,9,2024-11-01,Monthly,6,Active,2025-04-01,2000
SIP000222,INV01672,F010,3000,4,2023-06-01,Monthly,25,Active,2025-06-01,2000
SIP000223,INV00641,F004,500,6,2022-04-01,Monthly,11,Paused,2023-02-01,1000
SIP000224,INV00397,F004,1000,23,2025-06-01,Monthly,24,Active,2027-05-01,500
SIP000225,INV01600,F004,500,8,2023-08-01,Monthly,38,Active,2026-09-01,2000
SIP000226,INV00909,F006,10000,13,2024-02-01,Monthly,12,Cancelled,2025-01-01,10000
SIP000227,INV01374,F010,10000,21,2025-03-01,Monthly,12,Cancelled,2026-02-01,5000
SIP000228,INV00571,F002,3000,20,2024-05-01,Monthly,3,Active,2024-07-01,1000
SIP000229,INV00222,F003,1000,27,2025-02-01,Monthly,23,Active,2026-12-01,500
SIP000230,INV01340,F007,3000,25,2023-07-01,Monthly,7,Active,2024-01-01,1000
SIP000231,INV00851,F009,1000,9,2024-03-01,Monthly,36,Active,2027-02-01,2000
SIP000232,INV00480,F003,1000,24,2022-01-01,Monthly,20,Active,2023-08-01,10000
SIP000233,INV00250,F004,2000,8,2024-10-01,Monthly,16,Active,2026-01-01,5000
SIP000234,INV01219,F007,2000,11,2024-01-01,Monthly,11,Active,2024-11-01,500
SIP000235,INV00452,F008,2000,4,2024-04-01,Monthly,3,Active,2024-06-01,5000
SIP000236,INV00163,F006,3000,3,2023-05-01,Monthly,5,Active,2023-09-01,500
SIP000237,INV01798,F010,2000,25,2022-11-01,Monthly,38,Active,2025-12-01,5000
SIP000238,INV00887,F007,500,9,2023-04-01,Monthly,35,Active,2026-02-01,1000
SIP000239,INV01319,F003,500,7,2024-05-01,Monthly,11,Active,2025-03-01,500
SIP000240,INV00642,F009,5000,26,2024-10-01,Monthly,29,Active,2027-02-01,1000
SIP000241,INV00852,F008,3000,1,2023-03-01,Quarterly,14,Paused,2024-04-01,5000
SIP000242,INV01501,F002,2000,19,2024-06-01,Monthly,13,Active,2025-06-01,500
SIP000243,INV01719,F006,5000,28,2022-01-01,Monthly,19,Active,2023-07-01,500
SIP000244,INV00943,F007,1000,14,2023-04-01,Quarterly,21,Active,2024-12-01,10000
SIP000245,INV00528,F007,3000,12,2023-09-01,Quarterly,10,Cancelled,2024-06-01,2000
SIP000246,INV00858,F006,1000,7,2024-03-01,Monthly,12,Active,2025-02-01,2000
SIP000247,INV01486,F001,5000,7,2022-09-01,Monthly,22,Cancelled,2024-06-01,2000
SIP000248,INV01601,F006,5000,4,2023-04-01,Monthly,17,Active,2024-08-01,2000
SIP000249,INV01723,F006,2000,19,2022-04-01,Monthly,14,Active,2023-05-01,10000
SIP000250,INV00891,F001,5000,14,2022-12-01,Quarterly,46,Active,2026-09-01,5000
SIP000251,INV00589,F006,5000,14,2024-10-01,Monthly,14,Active,2025-11-01,2000
SIP000252,INV01303,F001,2000,14,2023-10-01,Weekly,24,Cancelled,2025-09-01,5000
SIP000253,INV00691,F001,10000,22,2022-04-01,Quarterly,47,Active,2026-02-01,5000
SIP000254,INV01116,F007,3000,6,2024-09-01,Quarterly,22,Active,2026-06-01,5000
SIP000255,INV01152,F010,5000,17,2023-12-01,Monthly,41,Paused,2027-04-01,2000
SIP000256,INV00301,F007,1000,26,2023-09-01,Monthly,38,Active,2026-10-01,5000
SIP000257,INV01564,F003,2000,17,2024-06-01,Monthly,26,Paused,2026-07-01,500
SIP000258,INV01933,F001,5000,14,2023-10-01,Quarterly,12,Active,2024-09-01,2000
SIP000259,INV01301,F004,3000,18,2024-09-01,Quarterly,16,Active,2025-12-01,5000
SIP000260,INV01056,F010,1000,28,2023-03-01,Monthly,34,Active,2025-12-01,500
SIP000261,INV01314,F002,1000,4,2022-07-01,Monthly,25,Active,2024-07-01,1000
SIP000262,INV00717,F003,1000,11,2024-03-01,Monthly,7,Cancelled,2024-09-01,500
SIP000263,INV01373,F003,10000,22,2023-07-01,Monthly,8,Active,2024-02-01,10000
SIP000264,INV01738,F006,10000,22,2024-03-01,Monthly,34,Paused,2026-12-01,1000
SIP000265,INV01292,F006,1000,8,2023-03-01,Monthly,11,Active,2024-01-01,10000
SIP000266,INV01951,F005,5000,19,2024-05-01,Quarterly,32,Active,2026-12-01,500
SIP000267,INV00694,F002,2000,6,2022-12-01,Monthly,4,Active,2023-03-01,500
SIP000268,INV01941,F005,5000,8,2024-08-01,Monthly,44,Active,2028-03-01,10000
SIP000269,INV01860,F002,5000,25,2023-12-01,Monthly,29,Active,2026-04-01,500
SIP000270,INV00841,F008,2000,6,2024-09-01,Monthly,2,Active,2024-10-01,1000
SIP000271,INV00973,F004,2000,18,2024-06-01,Monthly,11,Active,2025-04-01,1000
SIP000272,INV00392,F004,3000,28,2022-03-01,Monthly,29,Active,2024-07-01,2000
SIP000273,INV00719,F002,500,3,2025-06-01,Weekly,32,Active,2028-01-01,500
SIP000274,INV00635,F004,1000,15,2023-09-01,Quarterly,10,Cancelled,2024-06-01,10000
SIP000275,INV01849,F010,1000,10,2022-01-01,Monthly,37,Paused,2025-01-01,10000
SIP000276,INV01804,F002,1000,14,2024-05-01,Monthly,20,Cancelled,2025-12-01,1000
SIP000277,INV01691,F001,500,28,2022-07-01,Monthly,18,Active,2023-12-01,10000
SIP000278,INV01165,F006,1000,26,2025-04-01,Monthly,17,Paused,2026-08-01,10000
SIP000279,INV00367,F005,2000,2,2023-04-01,Monthly,17,Active,2024-08-01,10000
SIP000280,INV01802,F006,3000,23,2025-05-01,Monthly,46,Active,2029-02-01,5000
SIP000281,INV01325,F006,2000,7,2025-01-01,Monthly,7,Paused,2025-07-01,1000
SIP000282,INV00786,F007,3000,5,2023-10-01,Monthly,4,Active,2024-01-01,1000
SIP000283,INV01440,F005,5000,14,2025-05-01,Monthly,46,Active,2029-02-01,1000
SIP000284,INV00285,F009,5000,15,2023-04-01,Monthly,38,Active,2026-05-01,1000
SIP000285,INV01763,F002,5000,28,2022-10-01,Monthly,23,Active,2024-08-01,10000
SIP000286,INV00707,F006,2000,6,2024-01-01,Quarterly,38,Active,2027-02-01,5000
SIP000287,INV00991,F004,3000,28,2022-05-01,Monthly,3,Active,2022-07-01,1000
SIP000288,INV01205,F004,2000,8,2022-02-01,Monthly,46,Active,2025-11-01,5000
SIP000289,INV00462,F009,2000,4,2025-04-01,Monthly,13,Active,2026-04-01,10000
SIP000290,INV01093,F002,5000,13,2023-09-01,Monthly,26,Active,2025-10-01,5000
SIP000291,INV01523,F009,5000,5,2025-03-01,Quarterly,1,Active,2025-03-01,5000
SIP000292,INV01822,F010,2000,16,2024-07-01,Monthly,7,Active,2025-01-01,1000
SIP000293,INV00764,F008,5000,20,2022-10-01,Monthly,33,Active,2025-06-01,1000
SIP000294,INV00513,F002,3000,11,2022-03-01,Monthly,39,Active,2025-05-01,10000
SIP000295,INV00363,F009,3000,7,2023-09-01,Monthly,43,Paused,2027-03-01,5000
SIP000296,INV00333,F003,10000,18,2022-07-01,Monthly,44,Cancelled,2026-02-01,1000
SIP000297,INV00969,F005,3000,12,2022-11-01,Monthly,34,Paused,2025-08-01,500
SIP000298,INV01970,F009,3000,23,2024-04-01,Monthly,2,Active,2024-05-01,5000
SIP000299,INV01189,F005,3000,28,2025-03-01,Monthly,36,Active,2028-02-01,2000
SIP000300,INV01014,F010,3000,15,2022-09-01,Monthly,41,Active,2026-01-01,500
SIP000301,INV00620,F010,3000,16,2022-11-01,Quarterly,13,Active,2023-11-01,5000
SIP000302,INV01847,F005,2000,21,2023-09-01,Monthly,24,Active,2025-08-01,10000
SIP000303,INV00103,F007,500,13,2023-05-01,Monthly,16,Paused,2024-08-01,10000
SIP000304,INV00664,F004,2000,26,2023-09-01,Monthly,13,Active,2024-09-01,500
SIP000305,INV00122,F006,5000,27,2025-02-01,Monthly,43,Active,2028-08-01,5000
SIP000306,INV00413,F006,5000,28,2023-12-01,Monthly,24,Active,2025-11-01,10000
SIP000307,INV00389,F004,500,12,2025-05-01,Monthly,9,Active,2026-01-01,2000
SIP000308,INV01086,F001,500,11,2024-04-01,Monthly,16,Active,2025-07-01,10000
SIP000309,INV00009,F005,5000,3,2023-06-01,Monthly,23,Active,2025-04-01,1000
SIP000310,INV00311,F008,1000,20,2024-02-01,Monthly,25,Paused,2026-02-01,10000
SIP000311,INV00648,F009,2000,1,2022-10-01,Weekly,34,Active,2025-07-01,500
SIP000312,INV01477,F008,3000,9,2022-01-01,Monthly,31,Active,2024-07-01,10000
SIP000313,INV00300,F003,2000,22,2024-07-01,Monthly,9,Active,2025-03-01,500
SIP000314,INV01253,F002,500,11,2023-06-01,Quarterly,11,Active,2024-04-01,10000
SIP000315,INV01781,F009,3000,20,2022-09-01,Monthly,18,Active,2024-02-01,5000
SIP000316,INV00323,F007,2000,3,2023-09-01,Monthly,7,Paused,2024-03-01,5000
SIP000317,INV00461,F010,5000,16,2022-02-01,Weekly,3,Active,2022-04-01,500
SIP000318,INV00326,F003,10000,21,2022-10-01,Monthly,33,Active,2025-06-01,5000
SIP000319,INV01588,F004,3000,14,2024-04-01,Monthly,4,Active,2024-07-01,2000
SIP000320,INV01351,F008,1000,13,2024-07-01,Monthly,36,Active,2027-06-01,2000
SIP000321,INV00868,F003,3000,24,2023-06-01,Quarterly,36,Active,2026-05-01,2000
SIP000322,INV01661,F002,5000,17,2022-08-01,Quarterly,9,Paused,2023-04-01,2000
SIP000323,INV01548,F006,500,4,2025-02-01,Monthly,32,Active,2027-09-01,10000
SIP000324,INV00425,F009,5000,5,2022-08-01,Monthly,19,Active,2024-02-01,1000
SIP000325,INV00607,F009,2000,24,2023-10-01,Monthly,13,Active,2024-10-01,2000
SIP000326,INV00304,F005,3000,8,2025-03-01,Monthly,1,Active,2025-03-01,500
SIP000327,INV00820,F001,5000,23,2023-06-01,Monthly,27,Active,2025-08-01,2000
SIP000328,INV00346,F003,500,5,2022-11-01,Quarterly,39,Paused,2026-01-01,10000
SIP000329,INV01830,F002,1000,15,2022-01-01,Quarterly,22,Active,2023-10-01,10000
SIP000330,INV01752,F010,3000,10,2024-11-01,Monthly,1,Active,2024-11-01,500
SIP000331,INV00960,F007,1000,26,2023-07-01,Weekly,9,Active,2024-03-01,500
SIP000332,INV00469,F001,10000,1,2024-08-01,Monthly,38,Cancelled,2027-09-01,2000
SIP000333,INV01499,F007,500,25,2025-01-01,Quarterly,7,Active,2025-07-01,5000
SIP000334,INV00050,F001,1000,13,2022-03-01,Monthly,23,Paused,2024-01-01,1000
SIP000335,INV01263,F004,5000,2,2025-03-01,Monthly,10,Cancelled,2025-12-01,500
SIP000336,INV01248,F001,3000,19,2024-07-01,Quarterly,19,Paused,2026-01-01,500
SIP000337,INV00668,F008,2000,23,2023-12-01,Monthly,36,Active,2026-11-01,1000
SIP000338,INV01624,F006,3000,23,2025-02-01,Monthly,37,Paused,2028-02-01,500
SIP000339,INV01274,F010,500,18,2022-12-01,Monthly,20,Active,2024-07-01,1000
SIP000340,INV01583,F007,10000,15,2022-07-01,Monthly,25,Active,2024-07-01,2000
SIP000341,INV01651,F007,10000,28,2024-03-01,Monthly,42,Active,2027-08-01,5000
SIP000342,INV01573,F004,3000,20,2022-12-01,Quarterly,45,Active,2026-08-01,500
SIP000343,INV01921,F004,500,5,2022-08-01,Quarterly,8,Active,2023-03-01,2000
SIP000344,INV01338,F008,1000,13,2025-02-01,Monthly,7,Paused,2025-08-01,10000
SIP000345,INV01544,F003,500,25,2024-05-01,Monthly,26,Active,2026-06-01,1000
SIP000346,INV00616,F001,5000,7,2023-09-01,Monthly,45,Active,2027-05-01,5000
SIP000347,INV00897,F002,10000,8,2025-03-01,Quarterly,42,Active,2028-08-01,500
SIP000348,INV01515,F007,5000,7,2022-02-01,Monthly,9,Paused,2022-10-01,10000
SIP000349,INV00206,F010,10000,18,2025-05-01,Quarterly,31,Active,2027-11-01,1000
SIP000350,INV00835,F010,2000,18,2025-03-01,Monthly,22,Active,2026-12-01,1000
SIP000351,INV01181,F008,5000,6,2023-04-01,Monthly,9,Active,2023-12-01,2000
SIP000352,INV01615,F009,500,17,2022-06-01,Monthly,13,Active,2023-06-01,5000
SIP000353,INV01489,F002,5000,17,2025-03-01,Monthly,23,Active,2027-01-01,10000
SIP000354,INV01519,F005,3000,5,2024-07-01,Monthly,31,Active,2027-01-01,500
SIP000355,INV00673,F002,5000,3,2024-09-01,Monthly,19,Active,2026-03-01,5000
SIP000356,INV01726,F004,3000,22,2024-07-01,Monthly,16,Cancelled,2025-10-01,500
SIP000357,INV01594,F007,10000,4,2023-05-01,Monthly,34,Active,2026-02-01,500
SIP000358,INV00508,F009,3000,27,2022-05-01,Monthly,26,Active,2024-06-01,2000
SIP000359,INV00383,F005,1000,23,2024-12-01,Monthly,10,Paused,2025-09-01,10000
SIP000360,INV01186,F002,10000,25,2023-07-01,Monthly,1,Active,2023-07-01,2000
SIP000361,INV01081,F009,5000,26,2024-07-01,Monthly,37,Active,2027-07-01,10000
SIP000362,INV00849,F003,5000,20,2024-07-01,Monthly,29,Active,2026-11-01,500
SIP000363,INV00380,F003,3000,5,2023-01-01,Quarterly,48,Active,2026-12-01,10000
SIP000364,INV01554,F008,2000,4,2024-04-01,Monthly,5,Active,2024-08-01,5000
SIP000365,INV00989,F007,500,15,2024-01-01,Weekly,3,Active,2024-03-01,5000
SIP000366,INV00493,F001,5000,8,2023-12-01,Quarterly,3,Paused,2024-02-01,500
SIP000367,INV01378,F005,5000,21,2025-04-01,Monthly,48,Active,2029-03-01,10000
SIP000368,INV01825,F007,1000,24,2022-08-01,Monthly,36,Active,2025-07-01,5000
SIP000369,INV00944,F001,2000,19,2023-05-01,Quarterly,15,Paused,2024-07-01,1000
SIP000370,INV00538,F004,2000,21,2024-10-01,Quarterly,13,Active,2025-10-01,1000
SIP000371,INV01412,F002,3000,19,2023-11-01,Quarterly,29,Active,2026-03-01,1000
SIP000372,INV00067,F006,2000,14,2025-04-01,Monthly,38,Active,2028-05-01,1000
SIP000373,INV01735,F005,2000,18,2022-07-01,Monthly,37,Active,2025-07-01,2000
SIP000374,INV00235,F009,10000,25,2024-06-01,Monthly,5,Cancelled,2024-10-01,5000
SIP000375,INV00546,F007,10000,21,2024-02-01,Quarterly,4,Active,2024-05-01,10000
SIP000376,INV01020,F009,1000,3,2022-11-01,Monthly,38,Cancelled,2025-12-01,500
SIP000377,INV00435,F004,2000,25,2024-11-01,Quarterly,32,Active,2027-06-01,1000
SIP000378,INV00892,F008,1000,25,2022-04-01,Monthly,5,Paused,2022-08-01,1000
SIP000379,INV01245,F010,10000,7,2025-03-01,Quarterly,19,Paused,2026-09-01,1000
SIP000380,INV01631,F002,5000,12,2022-03-01,Monthly,43,Paused,2025-09-01,2000
SIP000381,INV01080,F007,10000,26,2022-08-01,Monthly,12,Active,2023-07-01,2000
SIP000382,INV00337,F004,2000,26,2023-01-01,Quarterly,11,Active,2023-11-01,1000
SIP000383,INV01943,F009,3000,25,2024-02-01,Weekly,2,Cancelled,2024-03-01,1000
SIP000384,INV00459,F002,3000,7,2024-12-01,Quarterly,43,Cancelled,2028-06-01,10000
SIP000385,INV00601,F008,500,9,2022-08-01,Monthly,22,Cancelled,2024-05-01,500
SIP000386,INV01580,F003,1000,4,2025-04-01,Quarterly,38,Active,2028-05-01,2000
SIP000387,INV00223,F010,10000,14,2022-11-01,Monthly,3,Active,2023-01-01,10000
SIP000388,INV01456,F001,500,14,2025-02-01,Monthly,2,Active,2025-03-01,500
SIP000389,INV00824,F009,1000,2,2024-02-01,Monthly,25,Active,2026-02-01,5000
SIP000390,INV00893,F001,3000,19,2022-07-01,Monthly,15,Paused,2023-09-01,2000
SIP000391,INV01685,F002,10000,20,2022-05-01,Monthly,10,Active,2023-02-01,5000
SIP000392,INV00954,F005,3000,3,2024-12-01,Monthly,42,Active,2028-05-01,1000
SIP000393,INV00831,F009,1000,19,2022-02-01,Monthly,17,Active,2023-06-01,10000
SIP000394,INV01108,F005,10000,5,2022-01-01,Monthly,2,Active,2022-02-01,2000
SIP000395,INV01702,F010,5000,22,2024-07-01,Monthly,48,Active,2028-06-01,5000
SIP000396,INV00255,F007,10000,24,2023-12-01,Monthly,8,Active,2024-07-01,10000
SIP000397,INV01511,F003,500,22,2023-03-01,Quarterly,11,Paused,2024-01-01,5000
SIP000398,INV01650,F001,1000,26,2023-10-01,Monthly,37,Active,2026-10-01,500
SIP000399,INV01513,F003,2000,20,2025-05-01,Monthly,16,Active,2026-08-01,1000
SIP000400,INV00801,F003,500,28,2025-02-01,Quarterly,21,Active,2026-10-01,500
SIP000401,INV01999,F008,5000,25,2022-05-01,Quarterly,39,Active,2025-07-01,10000
SIP000402,INV00287,F005,1000,2,2024-03-01,Monthly,1,Active,2024-03-01,500
SIP000403,INV01104,F008,1000,28,2023-06-01,Weekly,1,Active,2023-06-01,10000
SIP000404,INV01546,F008,500,27,2024-02-01,Monthly,45,Active,2027-10-01,2000
SIP000405,INV00966,F010,2000,19,2024-04-01,Monthly,13,Active,2025-04-01,500
SIP000406,INV00458,F004,1000,4,2024-09-01,Monthly,23,Active,2026-07-01,5000
SIP000407,INV00233,F008,2000,20,2023-12-01,Monthly,29,Cancelled,2026-04-01,500
SIP000408,INV00839,F009,2000,5,2022-02-01,Monthly,33,Active,2024-10-01,5000
SIP000409,INV00888,F004,1000,5,2023-06-01,Quarterly,1,Active,2023-06-01,2000
SIP000410,INV01811,F008,500,13,2025-06-01,Monthly,14,Active,2026-07-01,2000
SIP000411,INV00663,F009,2000,18,2024-10-01,Quarterly,1,Active,2024-10-01,5000
SIP000412,INV00579,F010,1000,17,2022-10-01,Monthly,27,Paused,2024-12-01,2000
SIP000413,INV00767,F008,10000,24,2025-01-01,Monthly,31,Paused,2027-07-01,2000
SIP000414,INV01195,F003,500,25,2024-09-01,Monthly,38,Active,2027-10-01,10000
SIP000415,INV01584,F001,10000,4,2022-04-01,Monthly,41,Cancelled,2025-08-01,5000
SIP000416,INV01377,F002,1000,7,2022-09-01,Monthly,34,Active,2025-06-01,1000
SIP000417,INV01729,F005,500,17,2022-09-01,Monthly,5,Active,2023-01-01,2000
SIP000418,INV01010,F003,2000,27,2024-06-01,Monthly,48,Active,2028-05-01,2000
SIP000419,INV00886,F006,5000,19,2022-04-01,Monthly,30,Active,2024-09-01,5000
SIP000420,INV01783,F010,10000,23,2022-10-01,Monthly,36,Active,2025-09-01,500
SIP000421,INV01247,F008,5000,1,2022-11-01,Monthly,40,Active,2026-02-01,10000
SIP000422,INV00724,F005,10000,20,2022-10-01,Monthly,37,Active,2025-10-01,2000
SIP000423,INV00793,F008,500,1,2024-10-01,Monthly,34,Active,2027-07-01,500
SIP000424,INV00062,F001,3000,14,2025-03-01,Monthly,2,Paused,2025-04-01,2000
SIP000425,INV00795,F002,500,20,2022-02-01,Monthly,26,Active,2024-03-01,5000
SIP000426,INV01335,F008,10000,4,2023-12-01,Monthly,37,Active,2026-12-01,1000
SIP000427,INV01118,F002,1000,14,2024-02-01,Monthly,14,Active,2025-03-01,5000
SIP000428,INV00497,F008,5000,5,2023-04-01,Monthly,44,Active,2026-11-01,10000
SIP000429,INV01658,F003,2000,16,2024-06-01,Quarterly,15,Active,2025-08-01,10000
SIP000430,INV01654,F008,10000,26,2022-01-01,Weekly,33,Active,2024-09-01,1000
SIP000431,INV01496,F006,500,23,2024-09-01,Monthly,20,Active,2026-04-01,10000
SIP000432,INV00387,F003,2000,20,2024-05-01,Monthly,46,Active,2028-02-01,2000
SIP000433,INV01161,F002,2000,16,2022-12-01,Monthly,41,Active,2026-04-01,5000
SIP000434,INV01064,F004,1000,1,2023-10-01,Monthly,34,Active,2026-07-01,5000
SIP000435,INV00881,F002,5000,6,2023-02-01,Monthly,21,Paused,2024-10-01,500
SIP000436,INV00086,F007,3000,10,2023-12-01,Weekly,7,Cancelled,2024-06-01,1000
SIP000437,INV00186,F003,1000,22,2023-01-01,Monthly,28,Cancelled,2025-04-01,10000
SIP000438,INV01145,F004,5000,3,2022-05-01,Weekly,46,Active,2026-02-01,1000
SIP000439,INV00450,F009,500,4,2024-12-01,Monthly,14,Active,2026-01-01,500
SIP000440,INV01123,F001,5000,26,2023-11-01,Monthly,16,Active,2025-02-01,10000
SIP000441,INV00652,F007,3000,9,2024-08-01,Monthly,44,Active,2028-03-01,5000
SIP000442,INV00244,F010,3000,16,2025-06-01,Monthly,21,Cancelled,2027-02-01,500
SIP000443,INV00840,F005,1000,23,2024-09-01,Monthly,33,Active,2027-05-01,5000
SIP000444,INV00799,F009,5000,5,2023-11-01,Monthly,28,Paused,2026-02-01,1000
SIP000445,INV00860,F004,5000,4,2022-10-01,Quarterly,1,Active,2022-10-01,2000
SIP000446,INV00126,F001,500,1,2025-03-01,Monthly,13,Active,2026-03-01,10000
SIP000447,INV00082,F007,5000,7,2025-01-01,Monthly,32,Active,2027-08-01,500
SIP000448,INV00577,F007,3000,7,2024-04-01,Monthly,23,Active,2026-02-01,5000
SIP000449,INV00743,F007,1000,23,2022-10-01,Monthly,37,Paused,2025-10-01,2000
SIP000450,INV01416,F001,3000,15,2022-12-01,Monthly,8,Active,2023-07-01,10000
SIP000451,INV00024,F004,3000,25,2024-04-01,Monthly,36,Active,2027-03-01,1000
SIP000452,INV00384,F008,2000,24,2022-02-01,Monthly,30,Active,2024-07-01,500
SIP000453,INV00110,F003,10000,23,2024-12-01,Quarterly,37,Active,2027-12-01,500
SIP000454,INV00982,F004,500,26,2023-06-01,Monthly,47,Active,2027-04-01,1000
SIP000455,INV01329,F007,3000,20,2023-10-01,Monthly,38,Active,2026-11-01,1000
SIP000456,INV01366,F009,500,15,2022-12-01,Monthly,5,Active,2023-04-01,500
SIP000457,INV00877,F006,2000,23,2022-05-01,Quarterly,14,Paused,2023-06-01,10000
SIP000458,INV00952,F002,2000,5,2025-06-01,Monthly,10,Active,2026-03-01,5000
SIP000459,INV00467,F007,1000,9,2023-09-01,Monthly,38,Active,2026-10-01,10000
SIP000460,INV00316,F001,10000,18,2025-05-01,Monthly,48,Active,2029-04-01,500
SIP000461,INV01021,F007,1000,2,2023-04-01,Quarterly,16,Active,2024-07-01,5000
SIP000462,INV00919,F001,10000,2,2023-04-01,Monthly,10,Active,2024-01-01,500
SIP000463,INV01684,F002,1000,26,2025-05-01,Monthly,12,Active,2026-04-01,1000
SIP000464,INV00918,F010,10000,16,2024-12-01,Monthly,22,Cancelled,2026-09-01,2000
SIP000465,INV01235,F009,5000,12,2023-10-01,Monthly,5,Active,2024-02-01,2000
SIP000466,INV00237,F009,500,1,2023-05-01,Monthly,22,Active,2025-02-01,10000
SIP000467,INV00227,F010,1000,21,2022-12-01,Monthly,8,Active,2023-07-01,500
SIP000468,INV01846,F007,2000,1,2024-11-01,Monthly,13,Paused,2025-11-01,5000
SIP000469,INV01001,F010,2000,26,2023-06-01,Monthly,41,Active,2026-10-01,10000
SIP000470,INV01928,F006,3000,1,2022-11-01,Monthly,12,Active,2023-10-01,5000
SIP000471,INV01695,F004,2000,6,2024-12-01,Quarterly,24,Active,2026-11-01,10000
SIP000472,INV01239,F007,500,26,2023-11-01,Monthly,45,Active,2027-07-01,1000
SIP000473,INV01753,F003,10000,6,2025-02-01,Monthly,16,Active,2026-05-01,1000
SIP000474,INV00674,F004,1000,3,2023-10-01,Quarterly,34,Active,2026-07-01,5000
SIP000475,INV01876,F009,2000,10,2022-11-01,Weekly,4,Active,2023-02-01,1000
SIP000476,INV01838,F002,1000,19,2025-04-01,Weekly,27,Active,2027-06-01,500
SIP000477,INV00266,F006,500,22,2025-03-01,Monthly,13,Active,2026-03-01,5000
SIP000478,INV01755,F009,3000,14,2022-08-01,Quarterly,21,Cancelled,2024-04-01,1000
SIP000479,INV01166,F001,1000,1,2022-10-01,Monthly,44,Active,2026-05-01,2000
SIP000480,INV00845,F010,3000,22,2023-09-01,Monthly,1,Active,2023-09-01,500
SIP000481,INV01492,F003,3000,3,2024-09-01,Monthly,3,Active,2024-11-01,10000
SIP000482,INV00111,F010,1000,17,2024-04-01,Monthly,6,Active,2024-09-01,5000
SIP000483,INV00837,F007,500,19,2022-08-01,Monthly,5,Active,2022-12-01,1000
SIP000484,INV00924,F010,10000,11,2024-12-01,Monthly,11,Active,2025-10-01,5000
SIP000485,INV00416,F008,10000,13,2024-12-01,Quarterly,17,Active,2026-04-01,5000
SIP000486,INV01453,F002,1000,10,2022-05-01,Monthly,32,Active,2024-12-01,5000
SIP000487,INV01000,F004,3000,23,2025-02-01,Monthly,1,Cancelled,2025-02-01,5000
SIP000488,INV00554,F009,5000,12,2024-06-01,Monthly,7,Active,2024-12-01,1000
SIP000489,INV01628,F009,500,17,2025-06-01,Monthly,33,Active,2028-02-01,5000
SIP000490,INV01687,F004,10000,22,2024-04-01,Monthly,47,Active,2028-02-01,10000
SIP000491,INV00322,F001,3000,15,2023-02-01,Quarterly,33,Active,2025-10-01,500
SIP000492,INV00433,F004,500,14,2022-12-01,Monthly,33,Active,2025-08-01,2000
SIP000493,INV00653,F002,1000,4,2024-09-01,Monthly,20,Active,2026-04-01,500
SIP000494,INV01688,F001,10000,14,2023-03-01,Monthly,6,Active,2023-08-01,500
SIP000495,INV01606,F006,500,24,2022-01-01,Monthly,11,Active,2022-11-01,1000
SIP000496,INV00190,F009,2000,13,2023-07-01,Monthly,34,Active,2026-04-01,10000
SIP000497,INV01099,F004,500,13,2024-10-01,Monthly,14,Active,2025-11-01,10000
SIP000498,INV00219,F009,10000,3,2022-04-01,Monthly,27,Active,2024-06-01,1000
SIP000499,INV01866,F005,1000,12,2022-01-01,Quarterly,41,Paused,2025-05-01,5000
SIP000500,INV01773,F006,500,18,2024-09-01,Monthly,19,Active,2026-03-01,1000
SIP000501,INV01337,F008,5000,15,2022-10-01,Quarterly,37,Paused,2025-10-01,2000
SIP000502,INV01360,F007,1000,2,2024-10-01,Monthly,45,Active,2028-06-01,2000
SIP000503,INV00855,F009,1000,26,2024-11-01,Monthly,37,Active,2027-11-01,5000
SIP000504,INV00355,F006,5000,1,2022-04-01,Monthly,36,Active,2025-03-01,10000
SIP000505,INV01880,F006,10000,25,2024-10-01,Quarterly,10,Active,2025-07-01,2000
SIP000506,INV00916,F006,10000,16,2022-05-01,Monthly,6,Active,2022-10-01,2000
SIP000507,INV01462,F004,5000,26,2025-04-01,Monthly,22,Cancelled,2027-01-01,1000
SIP000508,INV00689,F003,10000,11,2024-11-01,Monthly,24,Active,2026-10-01,2000
SIP000509,INV00096,F008,2000,25,2023-06-01,Monthly,31,Active,2025-12-01,5000
SIP000510,INV00463,F003,1000,13,2024-10-01,Monthly,27,Paused,2026-12-01,500
SIP000511,INV01829,F002,10000,17,2023-02-01,Monthly,35,Active,2025-12-01,10000
SIP000512,INV00396,F004,5000,12,2023-10-01,Monthly,7,Paused,2024-04-01,10000
SIP000513,INV00962,F006,3000,25,2024-11-01,Quarterly,2,Active,2024-12-01,10000
SIP000514,INV00593,F007,5000,9,2024-03-01,Monthly,23,Active,2026-01-01,1000
SIP000515,INV01299,F003,500,13,2023-07-01,Monthly,30,Active,2025-12-01,5000
SIP000516,INV01948,F008,1000,28,2024-04-01,Monthly,34,Active,2027-01-01,2000
SIP000517,INV01082,F002,2000,14,2024-10-01,Monthly,38,Active,2027-11-01,5000
SIP000518,INV00198,F002,2000,19,2023-05-01,Weekly,39,Active,2026-07-01,1000
SIP000519,INV00848,F008,2000,27,2022-11-01,Quarterly,35,Active,2025-09-01,500
SIP000520,INV00193,F005,500,2,2022-11-01,Monthly,5,Active,2023-03-01,2000
SIP000521,INV01439,F004,10000,5,2022-10-01,Monthly,48,Active,2026-09-01,10000
SIP000522,INV00811,F010,1000,22,2024-08-01,Quarterly,30,Active,2027-01-01,500
SIP000523,INV01127,F001,5000,26,2024-02-01,Monthly,11,Active,2024-12-01,5000
SIP000524,INV00565,F004,2000,13,2025-02-01,Monthly,21,Paused,2026-10-01,5000
SIP000525,INV00268,F001,1000,23,2024-05-01,Monthly,17,Active,2025-09-01,10000
SIP000526,INV00498,F006,10000,19,2024-02-01,Monthly,11,Cancelled,2024-12-01,5000
SIP000527,INV01665,F003,5000,14,2023-10-01,Monthly,7,Active,2024-04-01,1000
SIP000528,INV01213,F004,5000,16,2023-11-01,Quarterly,46,Paused,2027-08-01,10000
SIP000529,INV01275,F003,3000,4,2023-10-01,Monthly,48,Paused,2027-09-01,10000
SIP000530,INV01389,F003,1000,1,2025-02-01,Monthly,45,Paused,2028-10-01,1000
SIP000531,INV01648,F003,1000,24,2025-02-01,Monthly,28,Active,2027-05-01,10000
SIP000532,INV01242,F002,3000,2,2024-11-01,Monthly,5,Active,2025-03-01,2000
SIP000533,INV01345,F009,3000,2,2024-02-01,Monthly,5,Paused,2024-06-01,500
SIP000534,INV00739,F003,5000,5,2022-08-01,Monthly,39,Active,2025-10-01,10000
SIP000535,INV00992,F007,1000,17,2023-03-01,Monthly,36,Active,2026-02-01,5000
SIP000536,INV00798,F009,5000,9,2024-02-01,Monthly,18,Active,2025-07-01,1000
SIP000537,INV01349,F002,2000,15,2022-09-01,Monthly,24,Paused,2024-08-01,10000
SIP000538,INV00083,F006,5000,19,2023-09-01,Monthly,34,Active,2026-06-01,10000
SIP000539,INV01646,F006,2000,6,2023-05-01,Monthly,48,Paused,2027-04-01,1000
SIP000540,INV00242,F002,2000,23,2023-08-01,Monthly,35,Active,2026-06-01,1000
SIP000541,INV01587,F007,2000,12,2025-03-01,Monthly,44,Active,2028-10-01,2000
SIP000542,INV01463,F006,500,8,2022-06-01,Monthly,41,Active,2025-10-01,2000
SIP000543,INV00561,F006,1000,26,2022-10-01,Monthly,36,Active,2025-09-01,10000
SIP000544,INV00081,F001,1000,22,2023-11-01,Quarterly,20,Cancelled,2025-06-01,2000
SIP000545,INV01644,F001,500,13,2023-02-01,Monthly,32,Paused,2025-09-01,1000
SIP000546,INV01005,F001,1000,21,2025-05-01,Monthly,48,Active,2029-04-01,5000
SIP000547,INV00419,F010,2000,10,2022-10-01,Quarterly,40,Active,2026-01-01,2000
SIP000548,INV01302,F002,2000,3,2022-09-01,Weekly,31,Cancelled,2025-03-01,2000
SIP000549,INV01234,F006,5000,21,2024-10-01,Monthly,20,Cancelled,2026-05-01,5000
SIP000550,INV00054,F005,2000,7,2022-01-01,Monthly,31,Active,2024-07-01,10000
SIP000551,INV01057,F006,3000,26,2025-06-01,Monthly,6,Active,2025-11-01,10000
SIP000552,INV01144,F003,1000,11,2023-07-01,Monthly,42,Paused,2026-12-01,5000
SIP000553,INV01633,F002,2000,15,2024-08-01,Monthly,9,Paused,2025-04-01,10000
SIP000554,INV00725,F006,5000,18,2024-05-01,Monthly,41,Active,2027-09-01,2000
SIP000555,INV01930,F010,1000,23,2024-10-01,Monthly,1,Active,2024-10-01,10000
SIP000556,INV00013,F004,3000,3,2023-06-01,Monthly,31,Active,2025-12-01,500
SIP000557,INV00423,F002,2000,1,2025-04-01,Monthly,34,Paused,2028-01-01,5000
SIP000558,INV00066,F001,500,18,2022-02-01,Quarterly,24,Paused,2024-01-01,1000
SIP000559,INV00785,F007,3000,23,2022-07-01,Quarterly,2,Paused,2022-08-01,5000
SIP000560,INV00032,F010,2000,21,2024-03-01,Monthly,41,Active,2027-07-01,2000
SIP000561,INV01176,F008,500,13,2024-10-01,Monthly,15,Paused,2025-12-01,1000
SIP000562,INV00347,F010,3000,8,2022-06-01,Monthly,36,Active,2025-05-01,10000
SIP000563,INV01107,F007,2000,16,2024-12-01,Monthly,14,Active,2026-01-01,10000
SIP000564,INV00221,F003,5000,22,2024-03-01,Monthly,27,Active,2026-05-01,1000
SIP000565,INV01255,F006,3000,6,2022-12-01,Quarterly,22,Active,2024-09-01,5000
SIP000566,INV01228,F008,10000,3,2024-04-01,Monthly,27,Active,2026-06-01,500
SIP000567,INV00451,F009,5000,7,2025-02-01,Monthly,45,Active,2028-10-01,2000
SIP000568,INV01031,F002,5000,26,2025-01-01,Monthly,29,Active,2027-05-01,1000
SIP000569,INV00448,F005,3000,1,2024-12-01,Monthly,11,Active,2025-10-01,500
SIP000570,INV00665,F005,3000,24,2022-02-01,Quarterly,17,Active,2023-06-01,500
SIP000571,INV01856,F003,10000,22,2023-01-01,Monthly,33,Paused,2025-09-01,500
SIP000572,INV00056,F008,3000,14,2022-11-01,Monthly,39,Cancelled,2026-01-01,5000
SIP000573,INV00534,F004,1000,26,2023-12-01,Monthly,25,Active,2025-12-01,2000
SIP000574,INV00912,F001,10000,18,2022-03-01,Quarterly,17,Active,2023-07-01,1000
SIP000575,INV00971,F002,2000,3,2023-01-01,Monthly,19,Active,2024-07-01,1000
SIP000576,INV00967,F005,500,9,2024-07-01,Monthly,40,Paused,2027-10-01,1000
SIP000577,INV01963,F005,5000,21,2024-02-01,Monthly,8,Active,2024-09-01,2000
SIP000578,INV01567,F003,2000,19,2024-12-01,Monthly,36,Paused,2027-11-01,10000
SIP000579,INV01115,F010,1000,25,2022-01-01,Monthly,30,Cancelled,2024-06-01,10000
SIP000580,INV00564,F001,500,18,2023-04-01,Monthly,48,Active,2027-03-01,1000
SIP000581,INV01972,F001,10000,17,2022-04-01,Monthly,36,Cancelled,2025-03-01,5000
SIP000582,INV01190,F003,3000,17,2023-08-01,Monthly,19,Active,2025-02-01,1000
SIP000583,INV00010,F008,5000,15,2024-01-01,Monthly,35,Active,2026-11-01,2000
SIP000584,INV00484,F003,500,27,2025-05-01,Monthly,2,Paused,2025-06-01,5000
SIP000585,INV01387,F009,1000,22,2023-10-01,Quarterly,40,Cancelled,2027-01-01,5000
SIP000586,INV00865,F001,1000,23,2024-02-01,Monthly,25,Active,2026-02-01,5000
SIP000587,INV01287,F007,10000,8,2024-10-01,Monthly,43,Active,2028-04-01,1000
SIP000588,INV00286,F002,10000,4,2022-05-01,Monthly,25,Active,2024-05-01,1000
SIP000589,INV01958,F003,10000,11,2023-10-01,Weekly,12,Active,2024-09-01,500
SIP000590,INV00230,F002,10000,22,2023-04-01,Monthly,35,Active,2026-02-01,5000
SIP000591,INV00288,F005,500,27,2024-02-01,Monthly,45,Active,2027-10-01,2000
SIP000592,INV00408,F003,5000,7,2022-09-01,Monthly,13,Active,2023-09-01,10000
SIP000593,INV01304,F002,5000,22,2024-05-01,Quarterly,28,Cancelled,2026-08-01,5000
SIP000594,INV00826,F005,10000,16,2022-06-01,Quarterly,29,Active,2024-10-01,2000
SIP000595,INV01408,F009,10000,23,2024-05-01,Monthly,43,Active,2027-11-01,2000
SIP000596,INV01576,F010,1000,26,2022-08-01,Monthly,34,Active,2025-05-01,500
SIP000597,INV00483,F005,2000,4,2023-07-01,Monthly,22,Active,2025-04-01,10000
SIP000598,INV00878,F010,500,2,2023-11-01,Monthly,29,Active,2026-03-01,5000
SIP000599,INV01884,F004,3000,21,2023-09-01,Monthly,3,Active,2023-11-01,10000
SIP000600,INV01327,F006,10000,6,2024-07-01,Weekly,19,Active,2026-01-01,500
SIP000601,INV00090,F002,3000,17,2025-02-01,Quarterly,20,Active,2026-09-01,2000
SIP000602,INV01148,F007,5000,14,2022-09-01,Monthly,44,Active,2026-04-01,10000
SIP000603,INV01939,F004,3000,2,2023-10-01,Monthly,9,Active,2024-06-01,2000
SIP000604,INV01185,F005,10000,20,2025-02-01,Monthly,47,Active,2028-12-01,2000
SIP000605,INV01902,F009,2000,27,2024-03-01,Monthly,8,Active,2024-10-01,2000
SIP000606,INV01784,F006,2000,6,2023-06-01,Monthly,8,Active,2024-01-01,5000
SIP000607,INV00029,F002,1000,17,2022-06-01,Monthly,39,Active,2025-08-01,5000
SIP000608,INV00563,F008,2000,24,2022-08-01,Weekly,40,Paused,2025-11-01,5000
SIP000609,INV01927,F008,500,20,2025-02-01,Monthly,1,Active,2025-02-01,2000
SIP000610,INV01980,F001,3000,5,2022-02-01,Monthly,23,Paused,2023-12-01,5000
SIP000611,INV00302,F009,2000,16,2024-01-01,Monthly,31,Active,2026-07-01,500
SIP000612,INV00972,F006,1000,15,2024-07-01,Monthly,29,Active,2026-11-01,5000
SIP000613,INV01003,F009,3000,21,2023-04-01,Weekly,36,Active,2026-03-01,500
SIP000614,INV00863,F001,1000,2,2023-01-01,Quarterly,27,Cancelled,2025-03-01,2000
SIP000615,INV01760,F004,10000,16,2022-08-01,Monthly,11,Active,2023-06-01,500
SIP000616,INV00234,F006,2000,16,2024-02-01,Monthly,37,Active,2027-02-01,2000
SIP000617,INV00482,F004,2000,10,2024-06-01,Monthly,15,Active,2025-08-01,5000
SIP000618,INV00869,F009,500,20,2022-05-01,Monthly,30,Active,2024-10-01,1000
SIP000619,INV00341,F006,5000,15,2025-05-01,Monthly,43,Paused,2028-11-01,1000
SIP000620,INV01100,F006,2000,22,2022-05-01,Monthly,39,Active,2025-07-01,500
SIP000621,INV00398,F007,500,1,2022-02-01,Monthly,34,Active,2024-11-01,2000
SIP000622,INV00696,F007,3000,19,2025-01-01,Monthly,28,Active,2027-04-01,2000
SIP000623,INV00730,F004,1000,9,2023-03-01,Monthly,39,Active,2026-05-01,1000
SIP000624,INV01778,F004,2000,24,2023-05-01,Monthly,29,Paused,2025-09-01,10000
SIP000625,INV00089,F001,500,1,2024-10-01,Monthly,44,Active,2028-05-01,5000
SIP000626,INV00779,F002,5000,3,2023-02-01,Monthly,3,Active,2023-04-01,2000
SIP000627,INV00551,F001,5000,11,2023-08-01,Monthly,17,Active,2024-12-01,500
SIP000628,INV01294,F002,10000,4,2024-12-01,Monthly,17,Active,2026-04-01,10000
SIP000629,INV00016,F007,1000,11,2023-12-01,Monthly,9,Active,2024-08-01,1000
SIP000630,INV01559,F001,3000,11,2023-08-01,Monthly,31,Paused,2026-02-01,1000
SIP000631,INV01518,F003,2000,12,2024-01-01,Monthly,34,Active,2026-10-01,2000
SIP000632,INV01075,F008,3000,23,2023-02-01,Monthly,16,Active,2024-05-01,2000
SIP000633,INV01227,F007,1000,21,2023-01-01,Quarterly,41,Active,2026-05-01,1000
SIP000634,INV01541,F001,2000,10,2024-06-01,Monthly,39,Active,2027-08-01,500
SIP000635,INV00553,F001,1000,20,2024-03-01,Quarterly,5,Active,2024-07-01,5000
SIP000636,INV00481,F006,3000,12,2024-08-01,Quarterly,32,Paused,2027-03-01,2000
SIP000637,INV00592,F007,10000,5,2025-02-01,Monthly,18,Active,2026-07-01,1000
SIP000638,INV00130,F006,1000,6,2022-07-01,Monthly,30,Active,2024-12-01,5000
SIP000639,INV00556,F004,1000,11,2023-03-01,Monthly,45,Active,2026-11-01,2000
SIP000640,INV00573,F002,5000,11,2023-04-01,Weekly,27,Paused,2025-06-01,500
SIP000641,INV01653,F007,1000,15,2022-02-01,Monthly,41,Cancelled,2025-06-01,1000
SIP000642,INV01124,F002,1000,6,2022-01-01,Monthly,32,Active,2024-08-01,5000
SIP000643,INV00394,F007,3000,20,2023-10-01,Monthly,12,Active,2024-09-01,2000
SIP000644,INV01844,F005,500,16,2022-09-01,Monthly,41,Active,2026-01-01,5000
SIP000645,INV00084,F005,5000,27,2025-06-01,Monthly,38,Active,2028-07-01,5000
SIP000646,INV01348,F006,3000,8,2023-08-01,Monthly,7,Active,2024-02-01,1000
SIP000647,INV00275,F005,1000,24,2023-04-01,Weekly,22,Active,2025-01-01,5000
SIP000648,INV01211,F010,2000,9,2024-08-01,Monthly,8,Active,2025-03-01,1000
SIP000649,INV00736,F009,3000,13,2024-07-01,Monthly,41,Active,2027-11-01,1000
SIP000650,INV00533,F009,10000,2,2024-06-01,Monthly,4,Active,2024-09-01,2000
SIP000651,INV01674,F006,2000,1,2024-05-01,Monthly,36,Active,2027-04-01,2000
SIP000652,INV00889,F005,3000,4,2022-09-01,Monthly,8,Active,2023-04-01,10000
SIP000653,INV00407,F001,500,17,2024-05-01,Monthly,40,Active,2027-08-01,2000
SIP000654,INV01957,F010,1000,11,2022-01-01,Weekly,8,Active,2022-08-01,10000
SIP000655,INV00334,F008,3000,2,2025-01-01,Quarterly,25,Active,2027-01-01,5000
SIP000656,INV01237,F009,10000,1,2023-11-01,Monthly,35,Active,2026-09-01,500
SIP000657,INV00293,F004,10000,12,2023-06-01,Monthly,15,Active,2024-08-01,2000
SIP000658,INV01815,F010,2000,16,2023-07-01,Weekly,42,Active,2026-12-01,2000
SIP000659,INV01300,F002,10000,26,2025-03-01,Monthly,33,Active,2027-11-01,1000
SIP000660,INV01668,F006,1000,11,2025-03-01,Monthly,4,Active,2025-06-01,10000
SIP000661,INV01635,F010,5000,8,2022-08-01,Monthly,8,Active,2023-03-01,10000
SIP000662,INV00319,F008,5000,9,2025-03-01,Monthly,3,Active,2025-05-01,1000
SIP000663,INV01481,F008,10000,1,2024-06-01,Quarterly,40,Active,2027-09-01,10000
SIP000664,INV00875,F002,500,6,2022-06-01,Quarterly,43,Active,2025-12-01,5000
SIP000665,INV01259,F007,500,22,2024-07-01,Monthly,8,Cancelled,2025-02-01,500
SIP000666,INV01089,F007,1000,9,2025-01-01,Monthly,28,Active,2027-04-01,2000
SIP000667,INV00161,F008,1000,17,2024-06-01,Monthly,31,Active,2026-12-01,5000
SIP000668,INV01354,F005,500,12,2025-06-01,Weekly,7,Active,2025-12-01,2000
SIP000669,INV00948,F005,2000,22,2025-06-01,Monthly,12,Cancelled,2026-05-01,2000
SIP000670,INV00633,F009,10000,21,2022-02-01,Monthly,36,Active,2025-01-01,500
SIP000671,INV01826,F008,10000,7,2024-07-01,Monthly,1,Active,2024-07-01,1000
SIP000672,INV01971,F007,10000,7,2024-04-01,Monthly,2,Active,2024-05-01,500
SIP000673,INV00386,F010,10000,18,2025-02-01,Monthly,31,Active,2027-08-01,5000
SIP000674,INV00501,F001,1000,13,2022-06-01,Monthly,37,Paused,2025-06-01,500
SIP000675,INV01256,F007,500,11,2022-05-01,Monthly,17,Active,2023-09-01,10000
SIP000676,INV00289,F006,10000,15,2023-11-01,Monthly,13,Active,2024-11-01,500
SIP000677,INV01290,F002,1000,18,2022-04-01,Monthly,13,Active,2023-04-01,500
SIP000678,INV00014,F002,1000,12,2022-10-01,Monthly,43,Active,2026-04-01,5000
SIP000679,INV01490,F001,10000,15,2024-06-01,Monthly,21,Paused,2026-02-01,5000
SIP000680,INV01995,F004,5000,12,2023-09-01,Monthly,35,Active,2026-07-01,500
SIP000681,INV00411,F002,1000,26,2023-08-01,Monthly,45,Active,2027-04-01,2000
SIP000682,INV00884,F001,5000,14,2023-03-01,Monthly,13,Active,2024-03-01,5000
SIP000683,INV01839,F001,500,15,2024-08-01,Weekly,18,Active,2026-01-01,1000
SIP000684,INV01194,F001,500,16,2022-10-01,Monthly,35,Active,2025-08-01,1000
SIP000685,INV01882,F001,10000,23,2022-06-01,Monthly,19,Active,2023-12-01,1000
SIP000686,INV01323,F005,5000,20,2022-06-01,Monthly,8,Active,2023-01-01,1000
SIP000687,INV01084,F010,10000,11,2024-01-01,Monthly,30,Cancelled,2026-06-01,5000
SIP000688,INV01393,F004,500,27,2022-09-01,Weekly,16,Active,2023-12-01,10000
SIP000689,INV00938,F008,2000,11,2024-10-01,Weekly,30,Active,2027-03-01,500
SIP000690,INV00721,F007,10000,20,2024-06-01,Monthly,47,Active,2028-04-01,1000
SIP000691,INV00843,F005,2000,12,2022-09-01,Monthly,39,Active,2025-11-01,1000
SIP000692,INV01072,F003,3000,9,2022-05-01,Monthly,39,Paused,2025-07-01,1000
SIP000693,INV00751,F004,10000,4,2022-01-01,Monthly,23,Active,2023-11-01,10000
SIP000694,INV01950,F002,500,22,2023-10-01,Quarterly,23,Active,2025-08-01,1000
SIP000695,INV00827,F003,2000,1,2023-08-01,Monthly,10,Cancelled,2024-05-01,10000
SIP000696,INV01038,F006,10000,26,2025-03-01,Monthly,33,Active,2027-11-01,5000
SIP000697,INV01007,F002,3000,23,2022-01-01,Monthly,43,Active,2025-07-01,2000
SIP000698,INV01731,F002,2000,27,2022-06-01,Weekly,34,Active,2025-03-01,500
SIP000699,INV00276,F010,10000,5,2022-05-01,Weekly,3,Active,2022-07-01,10000
SIP000700,INV01203,F010,2000,20,2025-01-01,Monthly,22,Paused,2026-10-01,500
SIP000701,INV01006,F001,2000,28,2023-10-01,Monthly,18,Active,2025-03-01,1000
SIP000702,INV00001,F004,1000,24,2024-08-01,Monthly,38,Active,2027-09-01,500
SIP000703,INV01792,F009,2000,13,2024-05-01,Monthly,24,Cancelled,2026-04-01,1000
SIP000704,INV01350,F002,5000,2,2022-05-01,Monthly,42,Active,2025-10-01,10000
SIP000705,INV00449,F003,5000,8,2023-04-01,Monthly,42,Active,2026-09-01,5000
SIP000706,INV01586,F007,2000,9,2023-11-01,Monthly,22,Active,2025-08-01,500
SIP000707,INV00361,F005,10000,3,2022-06-01,Quarterly,43,Cancelled,2025-12-01,5000
SIP000708,INV00829,F006,500,15,2024-04-01,Monthly,16,Paused,2025-07-01,2000
SIP000709,INV00052,F004,3000,5,2023-08-01,Monthly,38,Active,2026-09-01,10000
SIP000710,INV00382,F010,500,25,2022-06-01,Monthly,37,Active,2025-06-01,2000
SIP000711,INV00246,F009,10000,13,2025-05-01,Monthly,34,Paused,2028-02-01,2000
SIP000712,INV00177,F010,500,24,2023-08-01,Monthly,4,Cancelled,2023-11-01,5000
SIP000713,INV00926,F004,10000,27,2025-03-01,Monthly,12,Active,2026-02-01,500
SIP000714,INV00020,F002,10000,8,2024-06-01,Monthly,2,Active,2024-07-01,2000
SIP000715,INV01491,F009,1000,20,2024-10-01,Monthly,7,Active,2025-04-01,5000
SIP000716,INV00783,F002,5000,13,2023-05-01,Monthly,31,Active,2025-11-01,1000
SIP000717,INV01266,F002,3000,9,2025-01-01,Quarterly,34,Active,2027-10-01,2000
SIP000718,INV01547,F002,3000,19,2025-04-01,Quarterly,27,Active,2027-06-01,10000
SIP000719,INV01187,F001,10000,9,2024-09-01,Monthly,16,Paused,2025-12-01,1000
SIP000720,INV01997,F002,3000,1,2022-08-01,Quarterly,19,Active,2024-02-01,1000
SIP000721,INV00862,F009,10000,15,2023-07-01,Monthly,47,Active,2027-05-01,5000
SIP000722,INV00996,F005,1000,25,2023-03-01,Monthly,8,Active,2023-10-01,500
SIP000723,INV01582,F005,2000,13,2022-06-01,Monthly,17,Active,2023-10-01,5000
SIP000724,INV01598,F005,3000,8,2024-11-01,Monthly,14,Active,2025-12-01,5000
SIP000725,INV00935,F009,3000,14,2025-05-01,Monthly,40,Active,2028-08-01,5000
SIP000726,INV01079,F004,1000,13,2023-08-01,Monthly,44,Paused,2027-03-01,500
SIP000727,INV00500,F010,2000,10,2023-09-01,Monthly,41,Active,2027-01-01,5000
SIP000728,INV00306,F009,5000,12,2023-03-01,Monthly,43,Active,2026-09-01,500
SIP000729,INV01398,F004,500,20,2024-01-01,Monthly,17,Active,2025-05-01,10000
SIP000730,INV00101,F002,3000,13,2022-07-01,Monthly,8,Paused,2023-02-01,10000
SIP000731,INV00727,F008,1000,10,2025-01-01,Monthly,48,Active,2028-12-01,1000
SIP000732,INV00504,F007,5000,16,2023-10-01,Monthly,18,Active,2025-03-01,10000
SIP000733,INV00379,F010,3000,15,2025-01-01,Monthly,44,Active,2028-08-01,2000
SIP000734,INV00706,F010,5000,25,2023-07-01,Monthly,48,Active,2027-06-01,1000
SIP000735,INV01013,F008,5000,18,2024-07-01,Quarterly,8,Active,2025-02-01,10000
SIP000736,INV01706,F002,3000,3,2025-05-01,Quarterly,7,Paused,2025-11-01,10000
SIP000737,INV00217,F003,500,18,2022-11-01,Monthly,28,Active,2025-02-01,2000
SIP000738,INV01657,F009,2000,26,2023-01-01,Monthly,20,Active,2024-08-01,2000
SIP000739,INV01935,F009,500,27,2022-08-01,Monthly,12,Active,2023-07-01,10000
SIP000740,INV01675,F003,3000,24,2025-01-01,Monthly,39,Active,2028-03-01,500
SIP000741,INV01179,F008,10000,3,2022-03-01,Monthly,41,Active,2025-07-01,1000
SIP000742,INV01531,F010,2000,1,2023-02-01,Monthly,47,Cancelled,2026-12-01,500
SIP000743,INV01716,F010,3000,18,2024-03-01,Monthly,43,Active,2027-09-01,500
SIP000744,INV00526,F007,10000,8,2022-12-01,Quarterly,40,Active,2026-03-01,1000
SIP000745,INV00203,F005,1000,26,2025-03-01,Monthly,47,Active,2029-01-01,2000
SIP000746,INV00726,F008,5000,22,2025-05-01,Monthly,41,Active,2028-09-01,2000
SIP000747,INV00930,F007,5000,14,2022-05-01,Monthly,40,Active,2025-08-01,2000
SIP000748,INV00491,F002,2000,17,2025-06-01,Monthly,13,Active,2026-06-01,10000
SIP000749,INV00850,F007,2000,1,2022-08-01,Monthly,17,Cancelled,2023-12-01,5000
SIP000750,INV01310,F006,5000,4,2022-08-01,Quarterly,7,Active,2023-02-01,500
SIP000751,INV01083,F008,2000,24,2023-03-01,Monthly,4,Active,2023-06-01,1000
SIP000752,INV01861,F007,3000,3,2024-12-01,Monthly,36,Paused,2027-11-01,5000
SIP000753,INV00002,F010,500,6,2023-11-01,Monthly,3,Active,2024-01-01,10000
SIP000754,INV01493,F010,5000,7,2024-01-01,Monthly,8,Active,2024-08-01,10000
SIP000755,INV00059,F002,2000,4,2024-12-01,Monthly,40,Active,2028-03-01,5000
SIP000756,INV00854,F006,10000,23,2024-11-01,Quarterly,26,Active,2026-12-01,10000
SIP000757,INV01940,F007,500,15,2023-01-01,Monthly,1,Active,2023-01-01,500
SIP000758,INV01121,F006,5000,1,2024-10-01,Monthly,33,Paused,2027-06-01,1000
SIP000759,INV01428,F007,500,27,2024-11-01,Weekly,27,Paused,2027-01-01,5000
SIP000760,INV00171,F002,2000,15,2024-03-01,Monthly,44,Active,2027-10-01,1000
SIP000761,INV01076,F003,500,10,2023-02-01,Monthly,24,Active,2025-01-01,2000
SIP000762,INV00632,F008,2000,22,2023-05-01,Monthly,38,Active,2026-06-01,5000
SIP000763,INV01353,F003,1000,25,2024-10-01,Monthly,38,Paused,2027-11-01,2000
SIP000764,INV01324,F004,5000,24,2024-03-01,Monthly,12,Active,2025-02-01,10000
SIP000765,INV01836,F003,2000,1,2022-08-01,Monthly,25,Active,2024-08-01,10000
SIP000766,INV00555,F001,10000,9,2023-04-01,Monthly,22,Active,2025-01-01,5000
SIP000767,INV01537,F008,10000,5,2023-02-01,Monthly,19,Active,2024-08-01,500
SIP000768,INV01267,F007,3000,2,2022-01-01,Monthly,8,Active,2022-08-01,10000
SIP000769,INV00232,F008,3000,12,2023-09-01,Monthly,10,Active,2024-06-01,5000
SIP000770,INV01467,F008,2000,16,2023-12-01,Quarterly,32,Paused,2026-07-01,2000
SIP000771,INV01472,F004,3000,20,2024-07-01,Monthly,8,Active,2025-02-01,2000
SIP000772,INV00939,F010,1000,11,2023-05-01,Monthly,2,Paused,2023-06-01,500
SIP000773,INV00260,F001,5000,3,2022-11-01,Weekly,34,Paused,2025-08-01,500
SIP000774,INV01900,F005,10000,14,2023-04-01,Quarterly,18,Paused,2024-09-01,2000
SIP000775,INV01475,F001,2000,20,2025-05-01,Monthly,36,Active,2028-04-01,500
SIP000776,INV01473,F004,3000,2,2023-01-01,Monthly,18,Active,2024-06-01,1000
SIP000777,INV00740,F008,500,21,2023-02-01,Quarterly,25,Paused,2025-02-01,10000
SIP000778,INV01051,F009,500,4,2024-03-01,Quarterly,29,Active,2026-07-01,1000
SIP000779,INV01216,F010,2000,23,2022-03-01,Quarterly,22,Active,2023-12-01,2000
SIP000780,INV00758,F008,2000,14,2024-11-01,Monthly,10,Active,2025-08-01,1000
SIP000781,INV01522,F005,1000,21,2023-01-01,Monthly,21,Active,2024-09-01,5000
SIP000782,INV01386,F008,3000,25,2022-02-01,Monthly,13,Active,2023-02-01,10000
SIP000783,INV01326,F009,500,1,2023-04-01,Monthly,26,Cancelled,2025-05-01,10000
SIP000784,INV00516,F002,3000,2,2023-02-01,Monthly,15,Active,2024-04-01,2000
SIP000785,INV00140,F009,500,3,2022-05-01,Weekly,31,Cancelled,2024-11-01,5000
SIP000786,INV00035,F010,3000,21,2023-12-01,Monthly,2,Active,2024-01-01,1000
SIP000787,INV00153,F003,1000,4,2023-06-01,Weekly,10,Active,2024-03-01,2000
SIP000788,INV01390,F005,3000,15,2025-05-01,Monthly,3,Active,2025-07-01,500
SIP000789,INV01339,F005,2000,28,2024-03-01,Monthly,13,Paused,2025-03-01,5000
SIP000790,INV01297,F004,10000,22,2023-01-01,Monthly,24,Active,2024-12-01,5000
SIP000791,INV00574,F005,5000,20,2023-03-01,Quarterly,16,Active,2024-06-01,2000
SIP000792,INV00160,F002,2000,19,2023-02-01,Monthly,16,Active,2024-05-01,500
SIP000793,INV00713,F005,3000,12,2024-02-01,Monthly,17,Active,2025-06-01,5000
SIP000794,INV01262,F004,1000,23,2024-05-01,Monthly,31,Active,2026-11-01,500
SIP000795,INV00998,F002,2000,17,2024-02-01,Weekly,37,Active,2027-02-01,10000
SIP000796,INV01689,F009,1000,9,2025-06-01,Monthly,16,Active,2026-09-01,5000
SIP000797,INV01796,F002,10000,12,2025-04-01,Monthly,18,Active,2026-09-01,2000
SIP000798,INV01156,F002,3000,1,2023-07-01,Monthly,41,Active,2026-11-01,1000
SIP000799,INV01837,F004,2000,15,2023-12-01,Monthly,1,Active,2023-12-01,10000
SIP000800,INV00240,F002,500,7,2025-02-01,Monthly,34,Active,2027-11-01,10000
